gate;1.0
design;0.9803921568627451
binary;0.8758169934640523
flipflop;0.7516339869281046
counter;0.6928104575163399
memory;0.6928104575163399
boolean;0.6405228758169934
number;0.5359477124183006
sequential;0.49673202614379086
verilog;0.49019607843137253
combinational;0.477124183006536
conversion;0.45098039215686275
cmos;0.4444444444444444
logicgate;0.39869281045751637
converter;0.39869281045751637
decoder;0.38562091503267976
parallel;0.35294117647058826
input;0.3464052287581699
s complement;0.33986928104575165
register;0.3333333333333333
serial;0.3333333333333333
bit;0.3333333333333333
addition;0.3333333333333333
shift register;0.32679738562091504
bcd;0.30718954248366015
multiplexer;0.30718954248366015
summary;0.30718954248366015
output;0.30718954248366015
ttl;0.3006535947712418
subtraction;0.2875816993464052
fpga;0.27450980392156865
karnaugh;0.2679738562091503
encoder;0.2679738562091503
simplification;0.26143790849673204
signal;0.26143790849673204
analog;0.2549019607843137
hdl;0.24836601307189543
voltage;0.24836601307189543
model;0.24836601307189543
arithmetic;0.23529411764705882
clock;0.23529411764705882
s;0.22875816993464052
method;0.2222222222222222
test bench;0.2222222222222222
latch;0.21568627450980393
problem;0.21568627450980393
adder;0.21568627450980393
array;0.21568627450980393
rom;0.20915032679738563
timing;0.20915032679738563
division;0.20915032679738563
statemachine;0.20915032679738563
binary number;0.20915032679738563
vhdl;0.20261437908496732
microprocessor;0.20261437908496732
decimal;0.19607843137254902
table;0.19607843137254902
theorem;0.19607843137254902
appendix;0.19607843137254902
review questions;0.19607843137254902
ic;0.1895424836601307
law;0.1830065359477124
nand gate;0.1830065359477124
interfacing;0.17647058823529413
map;0.17647058823529413
lesson;0.17647058823529413
nand;0.16339869281045752
high;0.16339869281045752
multiplication;0.16339869281045752
series;0.16339869281045752
characteristic;0.16339869281045752
power;0.1568627450980392
latches;0.1503267973856209
asynchronous;0.1503267973856209
read;0.1503267973856209
time;0.1503267973856209
octal;0.1437908496732026
parity;0.1437908496732026
control;0.1437908496732026
operator;0.1437908496732026
structure;0.1437908496732026
base;0.1437908496732026
sum;0.13725490196078433
diagram;0.13725490196078433
generator;0.13725490196078433
current;0.13725490196078433
experiment;0.13725490196078433
study guide;0.13725490196078433
symbols;0.13071895424836602
families;0.13071895424836602
inverter;0.12418300653594772
minimization;0.12418300653594772
simple;0.12418300653594772
semiconductor;0.12418300653594772
integratedcircuit;0.12418300653594772
gray;0.12418300653594772
module;0.12418300653594772
questions answers;0.12418300653594772
processor;0.11764705882352941
frequency;0.11764705882352941
product;0.11764705882352941
assignment;0.11764705882352941
transistor;0.11764705882352941
element;0.11764705882352941
hazard;0.11764705882352941
synchronous counter;0.11764705882352941
full adder;0.11764705882352941
multiple choice;0.11764705882352941
answers reasoning;0.11764705882352941
answers solved;0.11764705882352941
troubleshooting;0.1111111111111111
decoding;0.1111111111111111
storage;0.1111111111111111
family;0.1111111111111111
diode;0.1111111111111111
feedback;0.1111111111111111
technique;0.1111111111111111
amplifier;0.1111111111111111
counter synchronous;0.1111111111111111
seven segment;0.1111111111111111
jk flipflop;0.1111111111111111
solved numerical;0.1111111111111111
self test;0.1111111111111111
hexadecimal;0.10457516339869281
exclusive;0.10457516339869281
ecl;0.10457516339869281
j;0.10457516339869281
switching;0.10457516339869281
adc;0.10457516339869281
microcontroller;0.10457516339869281
conclusion;0.10457516339869281
statements;0.10457516339869281
logical;0.10457516339869281
algorithm;0.10457516339869281
truth table;0.10457516339869281
floating point;0.10457516339869281
summary correlated;0.10457516339869281
correlated experiments;0.10457516339869281
critical thinking;0.10457516339869281
thinking questions;0.10457516339869281
operations;0.09803921568627451
comparator;0.09803921568627451
variable;0.09803921568627451
unsigned;0.09803921568627451
mode;0.09803921568627451
drill problems;0.09803921568627451
numerical problems;0.09803921568627451
questions critical;0.09803921568627451
random;0.0915032679738562
ram;0.0915032679738562
bus;0.0915032679738562
hardware;0.0915032679738562
index;0.0915032679738562
clocked;0.0915032679738562
transfer;0.0915032679738562
states;0.0915032679738562
buffer;0.0915032679738562
ieee;0.0915032679738562
common;0.0915032679738562
equivalent;0.0915032679738562
lab;0.0915032679738562
rtl;0.0915032679738562
list;0.0915032679738562
loop;0.0915032679738562
important;0.0915032679738562
priority encoder;0.0915032679738562
key terms;0.0915032679738562
terms review;0.0915032679738562
short answer;0.0915032679738562
answer questions;0.0915032679738562
demultiplexer;0.08496732026143791
flash;0.08496732026143791
active;0.08496732026143791
timer;0.08496732026143791
enable;0.08496732026143791
equation;0.08496732026143791
sr;0.08496732026143791
constant;0.08496732026143791
different;0.08496732026143791
display;0.08496732026143791
instruction;0.08496732026143791
excess;0.08496732026143791
load;0.08496732026143791
binary conversion;0.08496732026143791
ripple counter;0.08496732026143791
timing diagram;0.08496732026143791
references drill;0.08496732026143791
questions problems;0.08496732026143791
problems objective;0.08496732026143791
error;0.0784313725490196
half;0.0784313725490196
use;0.0784313725490196
representations;0.0784313725490196
hex;0.0784313725490196
oscillator;0.0784313725490196
driving;0.0784313725490196
line;0.0784313725490196
multiplier;0.0784313725490196
divider;0.0784313725490196
canonical;0.0784313725490196
electronics;0.0784313725490196
work;0.0784313725490196
component;0.0784313725490196
hexadecimal number;0.0784313725490196
half adder;0.0784313725490196
ring counter;0.0784313725490196
t flipflop;0.0784313725490196
adder subtractor;0.0784313725490196
flipflop conversion;0.0784313725490196
maximum;0.0718954248366013
advantage;0.0718954248366013
fan;0.0718954248366013
v;0.0718954248366013
interface;0.0718954248366013
led;0.0718954248366013
dram;0.0718954248366013
pld;0.0718954248366013
definitions;0.0718954248366013
subtractor;0.0718954248366013
cpld;0.0718954248366013
floatingpoint;0.0718954248366013
magnitude comparator;0.0718954248366013
static ram;0.0718954248366013
decimal number;0.0718954248366013
addressing mode;0.0718954248366013
synchronous;0.06535947712418301
transmission;0.06535947712418301
versus;0.06535947712418301
complement;0.06535947712418301
tristate;0.06535947712418301
dac;0.06535947712418301
dynamic;0.06535947712418301
minterm;0.06535947712418301
converting;0.06535947712418301
single;0.06535947712418301
port;0.06535947712418301
answer;0.06535947712418301
propagation delay;0.06535947712418301
bcd counter;0.06535947712418301
schottky ttl;0.06535947712418301
morgan s;0.06535947712418301
signed number;0.06535947712418301
segment display;0.06535947712418301
universal gate;0.06535947712418301
signed;0.058823529411764705
special;0.058823529411764705
bipolar;0.058823529411764705
comparison;0.058823529411764705
expression;0.058823529411764705
transition;0.058823529411764705
sequence;0.058823529411764705
multiple;0.058823529411764705
cascading;0.058823529411764705
figure;0.058823529411764705
mos;0.058823529411764705
finding;0.058823529411764705
expanding;0.058823529411764705
blocks;0.058823529411764705
programmed;0.058823529411764705
maxterm;0.058823529411764705
multi;0.058823529411764705
reduction;0.058823529411764705
solutions;0.058823529411764705
xor;0.058823529411764705
modelling;0.058823529411764705
procedural;0.058823529411764705
filter;0.058823529411764705
dtl;0.058823529411764705
network;0.058823529411764705
memory rom;0.058823529411764705
decimal conversion;0.058823529411764705
edge triggered;0.058823529411764705
parallel adder;0.058823529411764705
input output;0.058823529411764705
binary multiplier;0.058823529411764705
statemachine design;0.058823529411764705
sr latch;0.058823529411764705
s theorem;0.058823529411764705
mod counter;0.058823529411764705
test;0.05228758169934641
implementing;0.05228758169934641
universal;0.05228758169934641
shift;0.05228758169934641
software;0.05228758169934641
practical;0.05228758169934641
chip;0.05228758169934641
performance;0.05228758169934641
technology;0.05228758169934641
counting;0.05228758169934641
designing;0.05228758169934641
internal;0.05228758169934641
detecting;0.05228758169934641
shot;0.05228758169934641
delay;0.05228758169934641
general;0.05228758169934641
coding;0.05228758169934641
static;0.05228758169934641
testing;0.05228758169934641
specifications;0.05228758169934641
address;0.05228758169934641
pal;0.05228758169934641
part;0.05228758169934641
bias;0.05228758169934641
gain;0.05228758169934641
source;0.05228758169934641
arm;0.05228758169934641
coded decimal;0.05228758169934641
memory ram;0.05228758169934641
excitation table;0.05228758169934641
don t;0.05228758169934641
t care;0.05228758169934641
multiplexer demultiplexer;0.05228758169934641
master slave;0.05228758169934641
octal number;0.05228758169934641
finite statemachine;0.05228758169934641
theorem theorem;0.05228758169934641
ic s;0.05228758169934641
pos;0.0457516339869281
carry;0.0457516339869281
field;0.0457516339869281
expansion;0.0457516339869281
processing;0.0457516339869281
ascii;0.0457516339869281
simplifying;0.0457516339869281
format;0.0457516339869281
mod;0.0457516339869281
sign;0.0457516339869281
controller;0.0457516339869281
advanced;0.0457516339869281
complementary;0.0457516339869281
lcd;0.0457516339869281
generation;0.0457516339869281
ladder;0.0457516339869281
architectures;0.0457516339869281
ii;0.0457516339869281
chart;0.0457516339869281
derivation;0.0457516339869281
modeling;0.0457516339869281
fundamental;0.0457516339869281
non;0.0457516339869281
alu;0.0457516339869281
file;0.0457516339869281
structural;0.0457516339869281
hybrid;0.0457516339869281
modulus;0.0457516339869281
q;0.0457516339869281
encoding;0.0457516339869281
adding;0.0457516339869281
pla;0.0457516339869281
duality;0.0457516339869281
resistor;0.0457516339869281
binary coded;0.0457516339869281
look ahead;0.0457516339869281
emitter coupled;0.0457516339869281
schmitt trigger;0.0457516339869281
als hc;0.0457516339869281
segment decoder;0.0457516339869281
successive approximation;0.0457516339869281
read write;0.0457516339869281
negative numbers;0.0457516339869281
incompletely specified;0.0457516339869281
sequence detector;0.0457516339869281
frequently asked;0.0457516339869281
asked questions;0.0457516339869281
questions conclusion;0.0457516339869281
adder carry;0.0457516339869281
timing path;0.0457516339869281
test benches;0.0457516339869281
p n;0.0457516339869281
amplifier common;0.0457516339869281
op amp;0.0457516339869281
asynchronous input;0.0457516339869281
fixed;0.0392156862745098
rules;0.0392156862745098
multivibrator;0.0392156862745098
basics;0.0392156862745098
multiplexing;0.0392156862745098
considerations;0.0392156862745098
byte;0.0392156862745098
correction;0.0392156862745098
circuitry;0.0392156862745098
event;0.0392156862745098
microcomputer;0.0392156862745098
controlled;0.0392156862745098
integrated;0.0392156862745098
switch;0.0392156862745098
reset;0.0392156862745098
magnitude;0.0392156862745098
simplified;0.0392156862745098
prom;0.0392156862745098
commutative;0.0392156862745098
construction;0.0392156862745098
alternative;0.0392156862745098
realization;0.0392156862745098
iterative;0.0392156862745098
languages;0.0392156862745098
development;0.0392156862745098
xv;0.0392156862745098
creating;0.0392156862745098
p;0.0392156862745098
radix;0.0392156862745098
ones;0.0392156862745098
check;0.0392156862745098
point;0.0392156862745098
package;0.0392156862745098
calculates;0.0392156862745098
preset;0.0392156862745098
differential;0.0392156862745098
difference;0.0392156862745098
positive;0.0392156862745098
evolution;0.0392156862745098
pentium;0.0392156862745098
parameter;0.0392156862745098
troubleshooting applied;0.0392156862745098
design procedure;0.0392156862745098
monostable multivibrator;0.0392156862745098
traffic light;0.0392156862745098
open collector;0.0392156862745098
dynamic ram;0.0392156862745098
prime implicant;0.0392156862745098
register transfer;0.0392156862745098
short questions;0.0392156862745098
square root;0.0392156862745098
timing check;0.0392156862745098
continuous assignment;0.0392156862745098
rs flipflop;0.0392156862745098
transistor transistor;0.0392156862745098
verilog modeling;0.0392156862745098
instruction set;0.0392156862745098
variable karnaugh;0.0392156862745098
noise margin;0.0392156862745098
interfacing ttl;0.0392156862745098
flipflop excitation;0.0392156862745098
sop;0.032679738562091505
buses;0.032679738562091505
nmos;0.032679738562091505
cycle;0.032679738562091505
range;0.032679738562091505
word;0.032679738562091505
alphanumeric;0.032679738562091505
algebraic;0.032679738562091505
terminology;0.032679738562091505
behavioral;0.032679738562091505
machine;0.032679738562091505
determining;0.032679738562091505
mosfet;0.032679738562091505
set;0.032679738562091505
speed;0.032679738562091505
bicmos;0.032679738562091505
collector;0.032679738562091505
msi;0.032679738562091505
quad;0.032679738562091505
combining;0.032679738562091505
resolution;0.032679738562091505
dual;0.032679738562091505
sram;0.032679738562091505
negative;0.032679738562091505
determination;0.032679738562091505
checker;0.032679738562091505
graph;0.032679738562091505
hot;0.032679738562091505
game;0.032679738562091505
race;0.032679738562091505
postulates;0.032679738562091505
n;0.032679738562091505
without;0.032679738562091505
toggle;0.032679738562091505
concurrent;0.032679738562091505
xilinx;0.032679738562091505
l;0.032679738562091505
moore;0.032679738562091505
conditional;0.032679738562091505
computation;0.032679738562091505
background;0.032679738562091505
direct;0.032679738562091505
sorting;0.032679738562091505
configuration;0.032679738562091505
dpr;0.032679738562091505
clear;0.032679738562091505
declaration;0.032679738562091505
positional;0.032679738562091505
primitives;0.032679738562091505
condition;0.032679738562091505
checking;0.032679738562091505
hamming;0.032679738562091505
group;0.032679738562091505
bistable;0.032679738562091505
classification;0.032679738562091505
effect;0.032679738562091505
rectifier;0.032679738562091505
value;0.032679738562091505
interrupt;0.032679738562091505
reference;0.032679738562091505
arithmetic operations;0.032679738562091505
quine mccluskey;0.032679738562091505
astable multivibrator;0.032679738562091505
error detection;0.032679738562091505
hold time;0.032679738562091505
johnson counter;0.032679738562091505
unused inputs;0.032679738562091505
drain outputs;0.032679738562091505
dac dac;0.032679738562091505
mealy machine;0.032679738562091505
moore machine;0.032679738562091505
vending machine;0.032679738562091505
carry look;0.032679738562091505
ahead adder;0.032679738562091505
partial product;0.032679738562091505
cordic algorithm;0.032679738562091505
signal generator;0.032679738562091505
index preface;0.032679738562091505
care condition;0.032679738562091505
full subtractor;0.032679738562091505
energy band;0.032679738562091505
n junction;0.032679738562091505
feedback bias;0.032679738562091505
parameters transistor;0.032679738562091505
counter decade;0.032679738562091505
associative law;0.032679738562091505
distributive law;0.032679738562091505
stamp module;0.032679738562091505
relevant information;0.032679738562091505
information key;0.032679738562091505
adc adc;0.032679738562091505
static hazard;0.032679738562091505
instruments;0.026143790849673203
demorgan;0.026143790849673203
pulse;0.026143790849673203
waveform;0.026143790849673203
selectors;0.026143790849673203
operating;0.026143790849673203
notation;0.026143790849673203
dsp;0.026143790849673203
embedded;0.026143790849673203
technologies;0.026143790849673203
operational;0.026143790849673203
pmos;0.026143790849673203
representing;0.026143790849673203
describing;0.026143790849673203
complete;0.026143790849673203
ff;0.026143790849673203
simultaneous;0.026143790849673203
requirement;0.026143790849673203
left;0.026143790849673203
used;0.026143790849673203
skew;0.026143790849673203
less;0.026143790849673203
combined;0.026143790849673203
changing;0.026143790849673203
hc;0.026143790849673203
ac;0.026143790849673203
management;0.026143790849673203
offset;0.026143790849673203
acquisition;0.026143790849673203
sample;0.026143790849673203
cpu;0.026143790849673203
phase;0.026143790849673203
capacity;0.026143790849673203
gal;0.026143790849673203
selected;0.026143790849673203
self;0.026143790849673203
multiplying;0.026143790849673203
equivalence;0.026143790849673203
detector;0.026143790849673203
guidelines;0.026143790849673203
redundant;0.026143790849673203
writing;0.026143790849673203
bibliography;0.026143790849673203
algebra;0.026143790849673203
xnor;0.026143790849673203
entity;0.026143790849673203
passive;0.026143790849673203
real;0.026143790849673203
fixedpoint;0.026143790849673203
task;0.026143790849673203
handling;0.026143790849673203
mealy;0.026143790849673203
higher;0.026143790849673203
accumulation;0.026143790849673203
vedic;0.026143790849673203
restoring;0.026143790849673203
linear;0.026143790849673203
path;0.026143790849673203
selection;0.026143790849673203
re;0.026143790849673203
resource;0.026143790849673203
vector;0.026143790849673203
constructs;0.026143790849673203
global;0.026143790849673203
dc;0.026143790849673203
history;0.026143790849673203
π;0.026143790849673203
metastability;0.026143790849673203
next;0.026143790849673203
subtracting;0.026143790849673203
behavior;0.026143790849673203
invert;0.026143790849673203
ebcdic;0.026143790849673203
drift;0.026143790849673203
zener;0.026143790849673203
wave;0.026143790849673203
capacitor;0.026143790849673203
principle;0.026143790849673203
ce;0.026143790849673203
norton;0.026143790849673203
h;0.026143790849673203
virtual;0.026143790849673203
solving;0.026143790849673203
idempotent;0.026143790849673203
version;0.026143790849673203
repeated;0.026143790849673203
nonlinearity;0.026143790849673203
peripheral;0.026143790849673203
ten;0.026143790849673203
feature;0.026143790849673203
numeral;0.026143790849673203
ripple carry;0.026143790849673203
clock pulse;0.026143790849673203
transition diagram;0.026143790849673203
presettable counter;0.026143790849673203
active high;0.026143790849673203
light controller;0.026143790849673203
power schottky;0.026143790849673203
set reset;0.026143790849673203
power supply;0.026143790849673203
open drain;0.026143790849673203
ieee ansi;0.026143790849673203
decoder driver;0.026143790849673203
strategic planning;0.026143790849673203
planning problem;0.026143790849673203
problem decomposition;0.026143790849673203
word size;0.026143790849673203
generic array;0.026143790849673203
consensus theorem;0.026143790849673203
signed magnitude;0.026143790849673203
pass filter;0.026143790849673203
matrix multiplication;0.026143790849673203
frequency divider;0.026143790849673203
modeling floating;0.026143790849673203
converter successive;0.026143790849673203
common emitter;0.026143790849673203
transistor biasing;0.026143790849673203
transistor thevenin;0.026143790849673203
h parameters;0.026143790849673203
larger bit;0.026143790849673203
alu alu;0.026143790849673203
vhdl programs;0.026143790849673203
conclusionandkeypoints combinational;0.026143790849673203
introductory;0.0196078431372549
measurement;0.0196078431372549
full;0.0196078431372549
ripple;0.0196078431372549
bidirectional;0.0196078431372549
magnetic;0.0196078431372549
hierarchy;0.0196078431372549
modulation;0.0196078431372549
odd;0.0196078431372549
glossary;0.0196078431372549
computers;0.0196078431372549
together;0.0196078431372549
nibble;0.0196078431372549
related;0.0196078431372549
setting;0.0196078431372549
study;0.0196078431372549
hold;0.0196078431372549
edge;0.0196078431372549
flip;0.0196078431372549
synchronization;0.0196078431372549
retriggerable;0.0196078431372549
actual;0.0196078431372549
als;0.0196078431372549
motor;0.0196078431372549
library;0.0196078431372549
noise;0.0196078431372549
sheets;0.0196078431372549
fast;0.0196078431372549
ahct;0.0196078431372549
driver;0.0196078431372549
cathode;0.0196078431372549
implementations;0.0196078431372549
projects;0.0196078431372549
top;0.0196078431372549
hierarchical;0.0196078431372549
building;0.0196078431372549
connections;0.0196078431372549
mask;0.0196078431372549
sdram;0.0196078431372549
tree;0.0196078431372549
essential;0.0196078431372549
compilation;0.0196078431372549
additional;0.0196078431372549
accumulator;0.0196078431372549
elimination;0.0196078431372549
implication;0.0196078431372549
appendices;0.0196078431372549
descriptions;0.0196078431372549
numbering;0.0196078431372549
initialization;0.0196078431372549
stimulus;0.0196078431372549
boards;0.0196078431372549
bridge;0.0196078431372549
xii;0.0196078431372549
foundations;0.0196078431372549
viii;0.0196078431372549
ise;0.0196078431372549
iii;0.0196078431372549
original;0.0196078431372549
add;0.0196078431372549
external;0.0196078431372549
always;0.0196078431372549
text;0.0196078431372549
loadable;0.0196078431372549
operand;0.0196078431372549
larger;0.0196078431372549
srt;0.0196078431372549
fir;0.0196078431372549
literal;0.0196078431372549
string;0.0196078431372549
classes;0.0196078431372549
metal;0.0196078431372549
resistive;0.0196078431372549
axioms;0.0196078431372549
modern;0.0196078431372549
interconnect;0.0196078431372549
nonvolatile;0.0196078431372549
worked;0.0196078431372549
forward;0.0196078431372549
character;0.0196078431372549
checksum;0.0196078431372549
m;0.0196078431372549
drawing;0.0196078431372549
arbitrary;0.0196078431372549
comparing;0.0196078431372549
asm;0.0196078431372549
methodology;0.0196078431372549
synchronizer;0.0196078431372549
noninverting;0.0196078431372549
disadvantage;0.0196078431372549
organization;0.0196078431372549
xvii;0.0196078431372549
electron;0.0196078431372549
cell;0.0196078431372549
band;0.0196078431372549
diffusion;0.0196078431372549
junction;0.0196078431372549
capacitance;0.0196078431372549
inductor;0.0196078431372549
shunt;0.0196078431372549
clipper;0.0196078431372549
amplification;0.0196078431372549
stability;0.0196078431372549
useful;0.0196078431372549
dependence;0.0196078431372549
fet;0.0196078431372549
oscilloscope;0.0196078431372549
cro;0.0196078431372549
triggering;0.0196078431372549
weight;0.0196078431372549
historical;0.0196078431372549
exor;0.0196078431372549
build;0.0196078431372549
null;0.0196078431372549
modulo;0.0196078431372549
synchronized;0.0196078431372549
author;0.0196078431372549
switches;0.0196078431372549
servo;0.0196078431372549
analogue;0.0196078431372549
right;0.0196078431372549
inside;0.0196078431372549
keyboard;0.0196078431372549
nine;0.0196078431372549
compatible;0.0196078431372549
spartan;0.0196078431372549
comments;0.0196078431372549
objects;0.0196078431372549
net;0.0196078431372549
pin;0.0196078431372549
stack;0.0196078431372549
motivation;0.0196078431372549
conclusionandkeypoint;0.0196078431372549
dependency notation;0.0196078431372549
optical storage;0.0196078431372549
duty cycle;0.0196078431372549
looping groups;0.0196078431372549
pulse width;0.0196078431372549
stepper motor;0.0196078431372549
power dissipation;0.0196078431372549
advanced schottky;0.0196078431372549
resolution accuracy;0.0196078431372549
dual slope;0.0196078431372549
write cycle;0.0196078431372549
maxterm expansions;0.0196078431372549
vhdl processes;0.0196078431372549
processes modeling;0.0196078431372549
sm charts;0.0196078431372549
preface ix;0.0196078431372549
setup check;0.0196078431372549
path setup;0.0196078431372549
iir filter;0.0196078431372549
means algorithm;0.0196078431372549
median filter;0.0196078431372549
point fft;0.0196078431372549
user defined;0.0196078431372549
microwave controller;0.0196078431372549
global constant;0.0196078431372549
switch debouncing;0.0196078431372549
central processing;0.0196078431372549
single precision;0.0196078431372549
precision floating;0.0196078431372549
error correcting;0.0196078431372549
building blocks;0.0196078431372549
t bird;0.0196078431372549
bird tail;0.0196078431372549
tail lights;0.0196078431372549
electrical behavior;0.0196078431372549
tabular method;0.0196078431372549
current density;0.0196078431372549
square wave;0.0196078431372549
weighted resistor;0.0196078431372549
identity law;0.0196078431372549
salient features;0.0196078431372549
mc microprocessor;0.0196078431372549
barrel shifter;0.0196078431372549
trans receiver;0.0196078431372549
pin configuration;0.0196078431372549
table statediagram;0.0196078431372549
quantities;0.013071895424836602
astable;0.013071895424836602
os;0.013071895424836602
usb;0.013071895424836602
addressing;0.013071895424836602
soc;0.013071895424836602
emitter;0.013071895424836602
limitations;0.013071895424836602
precedence;0.013071895424836602
procedure;0.013071895424836602
looping;0.013071895424836602
resetting;0.013071895424836602
alternate;0.013071895424836602
setup;0.013071895424836602
flop;0.013071895424836602
propagation;0.013071895424836602
clocking;0.013071895424836602
potential;0.013071895424836602
monostable;0.013071895424836602
nonretriggerable;0.013071895424836602
crystal;0.013071895424836602
shorted;0.013071895424836602
schematic;0.013071895424836602
extension;0.013071895424836602
sscomplement;0.013071895424836602
overflow;0.013071895424836602
greater;0.013071895424836602
displaying;0.013071895424836602
analyzing;0.013071895424836602
idea;0.013071895424836602
altera;0.013071895424836602
featured;0.013071895424836602
starting;0.013071895424836602
johnson;0.013071895424836602
sourcing;0.013071895424836602
action;0.013071895424836602
temperature;0.013071895424836602
ratings;0.013071895424836602
loading;0.013071895424836602
biasing;0.013071895424836602
transients;0.013071895424836602
act;0.013071895424836602
mixed;0.013071895424836602
probe;0.013071895424836602
anode;0.013071895424836602
priority;0.013071895424836602
routing;0.013071895424836602
security;0.013071895424836602
monitoring;0.013071895424836602
busing;0.013071895424836602
integration;0.013071895424836602
world;0.013071895424836602
accuracy;0.013071895424836602
settling;0.013071895424836602
automatic;0.013071895424836602
aliasing;0.013071895424836602
slope;0.013071895424836602
pipelined;0.013071895424836602
typical;0.013071895424836602
camera;0.013071895424836602
erasable;0.013071895424836602
eprom;0.013071895424836602
eeprom;0.013071895424836602
select;0.013071895424836602
change;0.013071895424836602
incomplete;0.013071895424836602
cache;0.013071895424836602
symbology;0.013071895424836602
max;0.013071895424836602
book;0.013071895424836602
associative;0.013071895424836602
factoring;0.013071895424836602
sentences;0.013071895424836602
minimum;0.013071895424836602
entered;0.013071895424836602
indicator;0.013071895424836602
libraries;0.013071895424836602
complex;0.013071895424836602
reducing;0.013071895424836602
simulator;0.013071895424836602
synthesizable;0.013071895424836602
cd;0.013071895424836602
preface;0.013071895424836602
testbench;0.013071895424836602
algorithmic;0.013071895424836602
laboratory;0.013071895424836602
lamp;0.013071895424836602
short;0.013071895424836602
boole;0.013071895424836602
per;0.013071895424836602
significant;0.013071895424836602
commercial;0.013071895424836602
union;0.013071895424836602
editor;0.013071895424836602
connecting;0.013071895424836602
location;0.013071895424836602
discrete;0.013071895424836602
units;0.013071895424836602
configurable;0.013071895424836602
note;0.013071895424836602
synthesize;0.013071895424836602
verification;0.013071895424836602
iv;0.013071895424836602
aspects;0.013071895424836602
sd;0.013071895424836602
concatenation;0.013071895424836602
behavioural;0.013071895424836602
initial;0.013071895424836602
majority;0.013071895424836602
even;0.013071895424836602
smaller;0.013071895424836602
row;0.013071895424836602
prefix;0.013071895424836602
save;0.013071895424836602
booth;0.013071895424836602
square;0.013071895424836602
cube;0.013071895424836602
goldschmidt;0.013071895424836602
reciprocal;0.013071895424836602
iteration;0.013071895424836602
theory;0.013071895424836602
cordic;0.013071895424836602
sine;0.013071895424836602
zero;0.013071895424836602
slew;0.013071895424836602
placement;0.013071895424836602
consumption;0.013071895424836602
pipeline;0.013071895424836602
optimization;0.013071895424836602
minimizing;0.013071895424836602
choice;0.013071895424836602
estimation;0.013071895424836602
matrix;0.013071895424836602
scalar;0.013071895424836602
composite;0.013071895424836602
xxii;0.013071895424836602
disable;0.013071895424836602
pr;0.013071895424836602
communication;0.013071895424836602
ascending;0.013071895424836602
testbed;0.013071895424836602
greatest;0.013071895424836602
factor;0.013071895424836602
average;0.013071895424836602
exponentiation;0.013071895424836602
σ;0.013071895424836602
glitches;0.013071895424836602
functionality;0.013071895424836602
instantiation;0.013071895424836602
pair;0.013071895424836602
local;0.013071895424836602
forever;0.013071895424836602
repeat;0.013071895424836602
result;0.013071895424836602
generate;0.013071895424836602
volatile;0.013071895424836602
luts;0.013071895424836602
divide;0.013071895424836602
anatomy;0.013071895424836602
double;0.013071895424836602
name;0.013071895424836602
graphical;0.013071895424836602
distance;0.013071895424836602
crc;0.013071895424836602
dimensional;0.013071895424836602
documentation;0.013071895424836602
standards;0.013071895424836602
bubble;0.013071895424836602
layout;0.013071895424836602
compiler;0.013071895424836602
dataflow;0.013071895424836602
custom;0.013071895424836602
lookahead;0.013071895424836602