o;1.0;0
design;0.358695652173913;0.7810650887573964
circuit;0.2717391304347826;0.8284023668639053
digital;0.1956521739130435;0.6449704142011834
system;0.18478260869565216;0.3431952662721893
gate;0.18478260869565216;0.9230769230769231
analysis;0.17391304347826086;0.1893491124260355
o practice;0.15217391304347827;0
architecture;0.14130434782608695;0.20710059171597633
code;0.13043478260869565;0.42011834319526625
logic;0.13043478260869565;0.48520710059171596
adder;0.13043478260869565;0.1952662721893491
memories;0.13043478260869565;0.0650887573964497
sequential;0.11956521739130435;0.1242603550295858
type;0.10869565217391304;0.023668639053254437
counter;0.10869565217391304;0.7100591715976331
definition;0.09782608695652174;0.10059171597633136
boolean;0.09782608695652174;0.09467455621301775
function;0.09782608695652174;0.26627218934911245
vhdl;0.09782608695652174;0.13609467455621302
examples;0.09782608695652174;0
decoder;0.09782608695652174;0.34911242603550297
state machine;0.09782608695652174;0.21301775147928995
introduction;0.08695652173913043;0.378698224852071
binary;0.08695652173913043;0.7928994082840237
rom;0.08695652173913043;0.16568047337278108
sequential system;0.08695652173913043;0
flip flop;0.08695652173913043;1.0
arithmetic;0.07608695652173914;0.2603550295857988
encoders;0.07608695652173914;0
concept;0.07608695652173914;0
language;0.07608695652173914;0.07100591715976332
multiplexer;0.07608695652173914;0.2958579881656805
boolean algebra;0.07608695652173914;0.24260355029585798
combinational system;0.07608695652173914;0
integrated circuit;0.07608695652173914;0.1301775147928994
unit;0.06521739130434782;0.10650887573964497
logical;0.06521739130434782;0.0650887573964497
combinational;0.06521739130434782;0.08284023668639054
description;0.06521739130434782;0.011834319526627219
application;0.06521739130434782;0.30177514792899407
memory;0.06521739130434782;0.5088757396449705
exercises;0.06521739130434782;0
operation;0.06521739130434782;0.35502958579881655
programmable logic;0.06521739130434782;0.21893491124260356
logic device;0.06521739130434782;0.11834319526627218
research project;0.06521739130434782;0
synchronous;0.05434782608695652;0.10059171597633136
bcd;0.05434782608695652;0.2781065088757396
expressions;0.05434782608695652;0
implementation;0.05434782608695652;0.31952662721893493
demultiplexers;0.05434782608695652;0
subtractor;0.05434782608695652;0.0650887573964497
alu;0.05434782608695652;0.07100591715976332
fsm;0.05434782608695652;0.08284023668639054
level;0.05434782608695652;0.1893491124260355
fpga;0.05434782608695652;0.1834319526627219
microcontroller;0.05434782608695652;0.09467455621301775
chapter;0.05434782608695652;0.28402366863905326
comparator;0.05434782608695652;0.08875739644970414
logical functions;0.05434782608695652;0.029585798816568046
simulations chapter;0.05434782608695652;0
synthesis;0.043478260869565216;0.05917159763313609
numbering;0.043478260869565216;0.01775147928994083
magnitude;0.043478260869565216;0.029585798816568046
sum;0.043478260869565216;0.10650887573964497
product;0.043478260869565216;0.10650887573964497
data;0.043478260869565216;0.2781065088757396
ttl;0.043478260869565216;0.2781065088757396
maps;0.043478260869565216;0
registers;0.043478260869565216;0
processor;0.043478260869565216;0.10650887573964497
fundamental;0.043478260869565216;0.04142011834319527
basic;0.043478260869565216;0.33727810650887574
programming;0.043478260869565216;0.047337278106508875
plds;0.043478260869565216;0
simulation;0.043478260869565216;0.1301775147928994
combinatorial;0.043478260869565216;0
cpld;0.043478260869565216;0.029585798816568046
statement;0.043478260869565216;0.1834319526627219
finite state;0.043478260869565216;0.047337278106508875
shift registers;0.043478260869565216;0
s complement;0.043478260869565216;0.3076923076923077
electronic;0.03260869565217391;0.11242603550295859
variables;0.03260869565217391;0
asynchronous;0.03260869565217391;0.13609467455621302
octal;0.03260869565217391;0.1301775147928994
decimal;0.03260869565217391;0.17751479289940827
hexadecimal;0.03260869565217391;0.09467455621301775
gray;0.03260869565217391;0
representation;0.03260869565217391;0.26627218934911245
integers;0.03260869565217391;0
complement;0.03260869565217391;0.01775147928994083
canonical;0.03260869565217391;0.047337278106508875
three;0.03260869565217391;0.04142011834319527
simplification;0.03260869565217391;0.11242603550295859
nand;0.03260869565217391;0.14792899408284024
full;0.03260869565217391;0.01775147928994083
mealy;0.03260869565217391;0.023668639053254437
moore;0.03260869565217391;0.029585798816568046
device;0.03260869565217391;0.15384615384615385
ram;0.03260869565217391;0.08875739644970414
computer;0.03260869565217391;0.14792899408284024
access;0.03260869565217391;0
analog;0.03260869565217391;0.23076923076923078
functional;0.03260869565217391;0
abel;0.03260869565217391;0
case;0.03260869565217391;0.023668639053254437
microprocessor;0.03260869565217391;0.1834319526627219
multiplier;0.03260869565217391;0.07100591715976332
tools;0.03260869565217391;0
theorem;0.03260869565217391;0.17751479289940827
practice;0.03260869565217391;0
converter;0.03260869565217391;0.14201183431952663
workshop;0.03260869565217391;0
solution;0.03260869565217391;0
doubts;0.03260869565217391;0
execution;0.03260869565217391;0
block;0.03260869565217391;0.17159763313609466
component;0.03260869565217391;0.07692307692307693
signal;0.03260869565217391;0.15976331360946747
two s;0.03260869565217391;0.08284023668639054
hardware description;0.03260869565217391;0.047337278106508875
midterm exam;0.03260869565217391;0
program;0.021739130434782608;0.047337278106508875
following;0.021739130434782608;0
topics;0.021739130434782608;0
state;0.021739130434782608;0.16568047337278108
conversion;0.021739130434782608;0.47928994082840237
base;0.021739130434782608;0.1301775147928994
sign;0.021739130434782608;0.04142011834319527
fixed;0.021739130434782608;0.023668639053254437
floating;0.021739130434782608;0
point;0.021739130434782608;0
subtraction;0.021739130434782608;0.2603550295857988
error;0.021739130434782608;0.07100591715976332
detection;0.021739130434782608;0
correction;0.021739130434782608;0.03550295857988166
hamming;0.021739130434782608;0
properties;0.021739130434782608;0.023668639053254437
xor;0.021739130434782608;0.05325443786982249
truth;0.021739130434782608;0
standard;0.021739130434782608;0.05325443786982249
simplified;0.021739130434782608;0.03550295857988166
realization;0.021739130434782608;0.03550295857988166
dynamic;0.021739130434782608;0.05917159763313609
characteristics;0.021739130434782608;0
fan;0.021739130434782608;0.0650887573964497
propagation;0.021739130434782608;0.011834319526627219
buffer;0.021739130434782608;0.05325443786982249
classification;0.021739130434782608;0.03550295857988166
pwm;0.021739130434782608;0
today;0.021739130434782608;0
programmable;0.021739130434782608;0.023668639053254437
display;0.021739130434782608;0.07692307692307693
records;0.021739130434782608;0
maxterms;0.021739130434782608;0
minterms;0.021739130434782608;0
using;0.021739130434782608;0.5266272189349113
accountants;0.021739130434782608;0
bus;0.021739130434782608;0.08284023668639054
instruction;0.021739130434782608;0.07692307692307693
vs;0.021739130434782608;0
cmos;0.021739130434782608;0.40828402366863903
aspects;0.021739130434782608;0
number;0.021739130434782608;0.1893491124260355
unsigned;0.021739130434782608;0.08875739644970414
fractional;0.021739130434782608;0
signed;0.021739130434782608;0.05325443786982249
serial;0.021739130434782608;0.30177514792899407
transmission;0.021739130434782608;0.01775147928994083
storage;0.021739130434782608;0.05325443786982249
elementary;0.021739130434782608;0
table;0.021739130434782608;0.10650887573964497
subsystems;0.021739130434782608;0
time;0.021739130434782608;0.13609467455621302
parity;0.021739130434782608;0.10650887573964497
msf;0.021739130434782608;0
asf;0.021739130434782608;0
harvard;0.021739130434782608;0
entities;0.021739130434782608;0
operators;0.021739130434782608;0
structural;0.021739130434782608;0.04142011834319527
principles;0.021739130434782608;0
karnaugh;0.021739130434782608;0
algorithm;0.021739130434782608;0.09467455621301775
segment;0.021739130434782608;0
bit;0.021739130434782608;0.30177514792899407
top;0.021739130434782608;0.01775147928994083
latches;0.021739130434782608;0.13609467455621302
control;0.021739130434782608;0.1301775147928994
random;0.021739130434782608;0.011834319526627219
read;0.021739130434782608;0.13609467455621302
presentation;0.021739130434782608;0
xilinx;0.021739130434782608;0.029585798816568046
schematic;0.021739130434782608;0.011834319526627219
pal;0.021739130434782608;0.047337278106508875
process;0.021739130434782608;0.047337278106508875
element;0.021739130434782608;0.10650887573964497
generics;0.021739130434782608;0
constants;0.021739130434782608;0
concurrent;0.021739130434782608;0.029585798816568046
selection;0.021739130434782608;0.023668639053254437
loop;0.021739130434782608;0.08284023668639054
clock;0.021739130434782608;0.1952662721893491
step;0.021739130434782608;0
pensum;0.010869565217391304;0
engineering;0.010869565217391304;0
district;0.010869565217391304;0
university;0.010869565217391304;0
force;0.010869565217391304;0
academic;0.010869565217391304;0
space;0.010869565217391304;0
established;0.010869565217391304;0
algebra;0.010869565217391304;0.03550295857988166
abstraction;0.010869565217391304;0
alphanumeric;0.010869565217391304;0
ascii;0.010869565217391304;0
ebcdic;0.010869565217391304;0.023668639053254437
others;0.010869565217391304;0
weighted;0.010869565217391304;0
unweighted;0.010869565217391304;0
numerical;0.010869565217391304;0
addition;0.010869565217391304;0.30177514792899407
multiplication;0.010869565217391304;0.14792899408284024
division;0.010869565217391304;0.1893491124260355
overflow;0.010869565217391304;0.011834319526627219
flags;0.010869565217391304;0
carry;0.010869565217391304;0.04142011834319527
axioms;0.010869565217391304;0.01775147928994083
technologies;0.010869565217391304;0.023668639053254437
integrated;0.010869565217391304;0.01775147928994083
electrical;0.010869565217391304;0
explanation;0.010869565217391304;0
sheets;0.010869565217391304;0
power;0.010869565217391304;0.10650887573964497
dissipation;0.010869565217391304;0
voltages;0.010869565217391304;0
currents;0.010869565217391304;0
delays;0.010869565217391304;0
integration;0.010869565217391304;0
etc;0.010869565217391304;0
wiring;0.010869565217391304;0
connections;0.010869565217391304;0.01775147928994083
totem;0.010869565217391304;0
pole;0.010869565217391304;0
outputs;0.010869565217391304;0
open;0.010869565217391304;0
collector;0.010869565217391304;0
mos;0.010869565217391304;0.05325443786982249
techniques;0.010869565217391304;0
karnaugth;0.010869565217391304;0
half;0.010869565217391304;0.07100591715976332
semisubtractor;0.010869565217391304;0
complete;0.010869565217391304;0.023668639053254437
sr;0.010869565217391304;0.07692307692307693
d;0.010869565217391304;0.4556213017751479
t;0.010869565217391304;0
jk;0.010869565217391304;0
preset;0.010869565217391304;0.03550295857988166
clear;0.010869565217391304;0.029585798816568046
master;0.010869565217391304;0
slave;0.010869565217391304;0
automata;0.010869565217391304;0
shift;0.010869565217391304;0.047337278106508875
vision;0.010869565217391304;0
micro;0.010869565217391304;0
processed;0.010869565217391304;0
technology;0.010869565217391304;0.05325443786982249
field;0.010869565217391304;0
array;0.010869565217391304;0.08284023668639054
cepld;0.010869565217391304;0
complex;0.010869565217391304;0.011834319526627219
psoc;0.010869565217391304;0
chip;0.010869565217391304;0.047337278106508875
suggesting;0.010869565217391304;0
forms;0.010869565217391304;0
restors;0.010869565217391304;0
static;0.010869565217391304;0.047337278106508875
visualization;0.010869565217391304;0
mathematical;0.010869565217391304;0
postulates;0.010869565217391304;0.029585798816568046
equations;0.010869565217391304;0
optimization;0.010869565217391304;0
compounds;0.010869565217391304;0
universality;0.010869565217391304;0
subtracters;0.010869565217391304;0
central;0.010869565217391304;0
processing;0.010869565217391304;0.04142011834319527
latch;0.010869565217391304;0.14792899408284024
prom;0.010869565217391304;0.03550295857988166
eprom;0.010869565217391304;0
eeprom;0.010869565217391304;0
tri;0.010869565217391304;0
organization;0.010869565217391304;0.01775147928994083
addressing;0.010869565217391304;0.011834319526627219
modes;0.010869565217391304;0
complementary;0.010869565217391304;0.04142011834319527
advanced;0.010869565217391304;0.04142011834319527
parallelism;0.010869565217391304;0
software;0.010869565217391304;0.047337278106508875
families;0.010869565217391304;0.011834319526627219
family;0.010869565217391304;0.10059171597633136
interfaces;0.010869565217391304;0
information;0.010869565217391304;0
positional;0.010869565217391304;0.029585798816568046
coding;0.010869565217391304;0.03550295857988166
one;0.010869565217391304;0.08875739644970414
additional;0.010869565217391304;0.01775147928994083
equivalent;0.010869565217391304;0.08284023668639054
direct;0.010869565217391304;0.029585798816568046
conditioned;0.010869565217391304;0
methods;0.010869565217391304;0
applied;0.010869565217391304;0
documentation;0.010869565217391304;0
exclusive;0.010869565217391304;0.09467455621301775
temporal;0.010869565217391304;0
address;0.010869565217391304;0.029585798816568046
decoding;0.010869565217391304;0.08284023668639054
altera;0.010869565217391304;0.011834319526627219
von;0.010869565217391304;0
newman;0.010869565217391304;0
modified;0.010869565217391304;0
piccx;0.010869565217391304;0
hc;0.010869565217391304;0.023668639053254437
dsp;0.010869565217391304;0.023668639053254437
tmscx;0.010869565217391304;0
microprogramming;0.010869565217391304;0
identifiers;0.010869565217391304;0
phases;0.010869565217391304;0
quine;0.010869565217391304;0
mccluskeyn;0.010869565217391304;0
lines;0.010869565217391304;0
generators;0.010869565217391304;0
computational;0.010869565217391304;0
used;0.010869565217391304;0.023668639053254437
methodologies;0.010869565217391304;0
automation;0.010869565217391304;0
eda;0.010869565217391304;0
cupl;0.010869565217391304;0
metastable;0.010869565217391304;0
debounce;0.010869565217391304;0
switch;0.010869565217391304;0.03550295857988166
built;0.010869565217391304;0
inverters;0.010869565217391304;0
ring;0.010869565217391304;0
laboratory;0.010869565217391304;0
photoelectric;0.010869565217391304;0
detector;0.010869565217391304;0.023668639053254437
theory;0.010869565217391304;0
various;0.010869565217391304;0
general;0.010869565217391304;0.047337278106508875
commercial;0.010869565217391304;0
configuration;0.010869565217391304;0.029585798816568046
ports;0.010869565217391304;0
assembly;0.010869565217391304;0
course;0.010869565217391304;0
quantities;0.010869565217391304;0.011834319526627219
digits;0.010869565217391304;0
waveforms;0.010869565217391304;0
sistema;0.010869565217391304;0
binario;0.010869565217391304;0
laws;0.010869565217391304;0
demorgan;0.010869565217391304;0.023668639053254437
miscellaneous;0.010869565217391304;0
discreet;0.010869565217391304;0
blood;0.010869565217391304;0
multiplexores;0.010869565217391304;0
discrete;0.010869565217391304;0
reconfigurable;0.010869565217391304;0
spld;0.010869565217391304;0
gal;0.010869565217391304;0.023668639053254437
pla;0.010869565217391304;0.01775147928994083
metodologías;0.010869565217391304;0
de;0.010869565217391304;0.01775147928994083
diseño;0.010869565217391304;0
bottom;0.010869565217391304;0
y;0.010869565217391304;0
behavioral;0.010869565217391304;0.029585798816568046
development;0.010869565217391304;0.03550295857988166
ise;0.010869565217391304;0.01775147928994083
modelsim;0.010869565217391304;0
delayed;0.010869565217391304;0
user;0.010869565217391304;0
restrictions;0.010869565217391304;0
routing;0.010869565217391304;0
verification;0.010869565217391304;0
testing;0.010869565217391304;0.047337278106508875
entity;0.010869565217391304;0.023668639053254437
structure;0.010869565217391304;0.1301775147928994
special;0.010869565217391304;0.05325443786982249
symbols;0.010869565217391304;0
reserved;0.010869565217391304;0
words;0.010869565217391304;0
attributes;0.010869565217391304;0
declarations;0.010869565217391304;0
flow;0.010869565217391304;0.0650887573964497
series;0.010869565217391304;0.14792899408284024
conditional;0.010869565217391304;0.029585798816568046
asignación;0.010869565217391304;0
condicional;0.010869565217391304;0
assignment;0.010869565217391304;0.023668639053254437
select;0.010869565217391304;0
waiting;0.010869565217391304;0
wait;0.010869565217391304;0
procedure;0.010869565217391304;0.011834319526627219
call;0.010869565217391304;0
reference;0.010869565217391304;0.029585798816568046
link;0.010869565217391304;0
prescaler;0.010869565217391304;0
ejemplos;0.010869565217391304;0
simple;0.010869565217391304;0.11242603550295859
stopwatch;0.010869565217391304;0
motor;0.010869565217391304;0.01775147928994083
project;0.010869565217391304;0
free;0.010869565217391304;0.03550295857988166
researcher;0.010869565217391304;0
verilog;0;0.4437869822485207
logic gate;0;0.3609467455621302
parallel;0;0.31952662721893493
shift register;0;0.30177514792899407
register;0;0.2958579881656805
number system;0;0.2958579881656805
karnaugh map;0;0.26627218934911245
input;0;0.2603550295857988
example;0;0.2603550295857988
logic circuit;0;0.2603550295857988
ic;0;0.25443786982248523
output;0;0.2485207100591716
encoder;0;0.24260355029585798
type questions;0;0.23076923076923078
hdl;0;0.22485207100591717
voltage;0;0.22485207100591717
model;0;0.22485207100591717
two;0;0.21893491124260356
combinational logic;0;0.21893491124260356
sequential circuit;0;0.20710059171597633
method;0;0.20118343195266272
test bench;0;0.20118343195266272
summary;0;0.1952662721893491
timing;0;0.1893491124260355
binary number;0;0.1893491124260355
problems exercise;0;0.1834319526627219
appendix;0;0.17751479289940827
digital system;0;0.17751479289940827
review questions;0;0.17751479289940827
d flip;0;0.17159763313609466
d converter;0;0.17159763313609466
nand gate;0;0.16568047337278108
interfacing;0;0.15976331360946747
floating point;0;0.15976331360946747
boolean expression;0;0.15384615384615385
characteristic;0;0.14792899408284024
law;0;0.14792899408284024
chapter chapter;0;0.14201183431952663
symbol;0;0.13609467455621302
operator;0;0.1301775147928994
combinational circuit;0;0.1301775147928994
s;0;0.1242603550295858
map;0;0.1242603550295858
current;0;0.1242603550295858
study guide;0;0.1242603550295858
sequential logic;0;0.11834319526627218
objectives study;0;0.11834319526627218
inverter;0;0.11242603550295859
minimization;0;0.11242603550295859
semiconductor;0;0.11242603550295859
based;0;0.11242603550295859
gray code;0;0.11242603550295859
logic function;0;0.11242603550295859
questions answers;0;0.11242603550295859
frequency;0;0.10650887573964497
transistor;0;0.10650887573964497
hazard;0;0.10650887573964497
full adder;0;0.10650887573964497
synchronous counter;0;0.10650887573964497
logic families;0;0.10650887573964497
multiple choice;0;0.10650887573964497
choice type;0;0.10650887573964497
answers reasoning;0;0.10650887573964497
reasoning type;0;0.10650887573964497
answers solved;0;0.10650887573964497
troubleshooting;0;0.10059171597633136
low;0;0.10059171597633136
generator;0;0.10059171597633136
diode;0;0.10059171597633136
feedback;0;0.10059171597633136
technique;0;0.10059171597633136
amplifier;0;0.10059171597633136
problems unit;0;0.10059171597633136
seven segment;0;0.10059171597633136
jk flip;0;0.10059171597633136
data type;0;0.10059171597633136
solved numerical;0;0.10059171597633136
self test;0;0.10059171597633136
ecl;0;0.09467455621301775
expression;0;0.09467455621301775
j;0;0.09467455621301775
switching;0;0.09467455621301775
demultiplexer;0;0.09467455621301775
conclusion;0;0.09467455621301775
lesson;0;0.09467455621301775
truth table;0;0.09467455621301775
summary correlated;0;0.09467455621301775
correlated experiments;0;0.09467455621301775
experiments chapter;0;0.09467455621301775
chapter review;0;0.09467455621301775
critical thinking;0;0.09467455621301775
thinking questions;0;0.09467455621301775
mode;0;0.08875739644970414
boolean function;0;0.08875739644970414
drill problems;0;0.08875739644970414
numerical problems;0;0.08875739644970414
questions critical;0;0.08875739644970414
index;0;0.08284023668639054
clocked;0;0.08284023668639054
ieee;0;0.08284023668639054
common;0;0.08284023668639054
lab;0;0.08284023668639054
rtl;0;0.08284023668639054
list;0;0.08284023668639054
module;0;0.08284023668639054
priority encoder;0;0.08284023668639054
design using;0;0.08284023668639054
exercise project;0;0.08284023668639054
tests chapter;0;0.08284023668639054
learning objectives;0;0.08284023668639054
key terms;0;0.08284023668639054
terms review;0;0.08284023668639054
objective type;0;0.08284023668639054
important concepts;0;0.08284023668639054
concepts short;0;0.08284023668639054
short answer;0;0.08284023668639054
answer questions;0;0.08284023668639054
questions exercises;0;0.08284023668639054
flash;0;0.07692307692307693
timer;0;0.07692307692307693
enable;0;0.07692307692307693
equation;0;0.07692307692307693
constant;0;0.07692307692307693
different;0;0.07692307692307693
load;0;0.07692307692307693
binary conversion;0;0.07692307692307693
digital signal;0;0.07692307692307693
timing diagram;0;0.07692307692307693
array logic;0;0.07692307692307693
design example;0;0.07692307692307693
ripple counter;0;0.07692307692307693
references drill;0;0.07692307692307693
questions problems;0;0.07692307692307693
problems objective;0;0.07692307692307693
use;0;0.07100591715976332
hex;0;0.07100591715976332
form;0;0.07100591715976332
oscillator;0;0.07100591715976332
driving;0;0.07100591715976332
line;0;0.07100591715976332
specifications;0;0.07100591715976332
adc;0;0.07100591715976332
divider;0;0.07100591715976332
random access;0;0.07100591715976332
access memory;0;0.07100591715976332
hexadecimal number;0;0.07100591715976332
half adder;0;0.07100591715976332
ring counter;0;0.07100591715976332
magnitude comparator;0;0.07100591715976332
t flip;0;0.07100591715976332
adder subtractor;0;0.07100591715976332
logic level;0;0.07100591715976332
state table;0;0.07100591715976332
project work;0;0.07100591715976332
simplification example;0;0.07100591715976332
exercises chapter;0;0.07100591715976332
maximum;0;0.0650887573964497
high;0;0.0650887573964497
advantage;0;0.0650887573964497
v;0;0.0650887573964497
interface;0;0.0650887573964497
led;0;0.0650887573964497
dram;0;0.0650887573964497
pld;0;0.0650887573964497
content;0;0.0650887573964497
three state;0;0.0650887573964497
static ram;0;0.0650887573964497
workshop lesson;0;0.0650887573964497
decimal number;0;0.0650887573964497
state diagram;0;0.0650887573964497
type exercises;0;0.0650887573964497
exercises answers;0;0.0650887573964497
addressing mode;0;0.0650887573964497
logic high;0;0.0650887573964497
four;0;0.05917159763313609
versus;0;0.05917159763313609
diagram;0;0.05917159763313609
tristate;0;0.05917159763313609
dac;0;0.05917159763313609
minterm;0;0.05917159763313609
variable;0;0.05917159763313609
converting;0;0.05917159763313609
single;0;0.05917159763313609
counters synchronous;0;0.05917159763313609
propagation delay;0;0.05917159763313609
bcd counter;0;0.05917159763313609
schottky ttl;0;0.05917159763313609
morgan s;0;0.05917159763313609
signed number;0;0.05917159763313609
segment display;0;0.05917159763313609
universal gate;0;0.05917159763313609
practical;0;0.05325443786982249
bipolar;0;0.05325443786982249
comparison;0;0.05325443786982249
active;0;0.05325443786982249
sequence;0;0.05325443786982249
cascading;0;0.05325443786982249
figure;0;0.05325443786982249
finding;0;0.05325443786982249
expanding;0;0.05325443786982249
maxterm;0;0.05325443786982249
reduction;0;0.05325443786982249
c;0;0.05325443786982249
solutions;0;0.05325443786982249
procedural;0;0.05325443786982249
filter;0;0.05325443786982249
dtl;0;0.05325443786982249
field programmable;0;0.05325443786982249
decimal conversion;0;0.05325443786982249
edge triggered;0;0.05325443786982249
parallel adder;0;0.05325443786982249
code converter;0;0.05325443786982249
input output;0;0.05325443786982249
programmable array;0;0.05325443786982249
four variable;0;0.05325443786982249
binary multiplier;0;0.05325443786982249
sr latch;0;0.05325443786982249
s theorem;0;0.05325443786982249
mod counter;0;0.05325443786982249
summary chapter;0;0.05325443786982249
example simplification;0;0.05325443786982249
d input;0;0.05325443786982249
implementing;0;0.047337278106508875
universal;0;0.047337278106508875
flop;0;0.047337278106508875
counting;0;0.047337278106508875
designing;0;0.047337278106508875
internal;0;0.047337278106508875
detecting;0;0.047337278106508875
delay;0;0.047337278106508875
overview;0;0.047337278106508875
part;0;0.047337278106508875
bias;0;0.047337278106508875
gain;0;0.047337278106508875
source;0;0.047337278106508875
arm;0;0.047337278106508875
coded decimal;0;0.047337278106508875
d latch;0;0.047337278106508875
one shot;0;0.047337278106508875
excitation table;0;0.047337278106508875
vhdl code;0;0.047337278106508875
don t;0;0.047337278106508875
t care;0;0.047337278106508875
master slave;0;0.047337278106508875
description language;0;0.047337278106508875
fpga implementation;0;0.047337278106508875
octal number;0;0.047337278106508875
storage devices;0;0.047337278106508875
de morgan;0;0.047337278106508875
excess code;0;0.047337278106508875
theorem theorem;0;0.047337278106508875
ic s;0;0.047337278106508875
assignment statement;0;0.047337278106508875
expansion;0;0.04142011834319527
simplifying;0;0.04142011834319527
format;0;0.04142011834319527
transfer;0;0.04142011834319527
mod;0;0.04142011834319527
controller;0;0.04142011834319527
lcd;0;0.04142011834319527
generation;0;0.04142011834319527
ladder;0;0.04142011834319527
ii;0;0.04142011834319527
chart;0;0.04142011834319527
derivation;0;0.04142011834319527
modeling;0;0.04142011834319527
b;0;0.04142011834319527
non;0;0.04142011834319527
file;0;0.04142011834319527
modelling;0;0.04142011834319527
hybrid;0;0.04142011834319527
modulus;0;0.04142011834319527
q;0;0.04142011834319527
encoding;0;0.04142011834319527
adding;0;0.04142011834319527
duality;0;0.04142011834319527
network;0;0.04142011834319527
resistor;0;0.04142011834319527
binary coded;0;0.04142011834319527
applied logic;0;0.04142011834319527
look ahead;0;0.04142011834319527
memory ram;0;0.04142011834319527
memory rom;0;0.04142011834319527
data transmission;0;0.04142011834319527
computer system;0;0.04142011834319527
emitter coupled;0;0.04142011834319527
data transfer;0;0.04142011834319527
schmitt trigger;0;0.04142011834319527
als hc;0;0.04142011834319527
segment decoder;0;0.04142011834319527
successive approximation;0;0.04142011834319527
read write;0;0.04142011834319527
negative numbers;0;0.04142011834319527
incompletely specified;0;0.04142011834319527
three variable;0;0.04142011834319527
five variable;0;0.04142011834319527
programmed exercise;0;0.04142011834319527
sequence detector;0;0.04142011834319527
complement representation;0;0.04142011834319527
frequently asked;0;0.04142011834319527
asked questions;0;0.04142011834319527
questions conclusion;0;0.04142011834319527
adder carry;0;0.04142011834319527
point representation;0;0.04142011834319527
timing path;0;0.04142011834319527
test benches;0;0.04142011834319527
p n;0;0.04142011834319527
amplifier common;0;0.04142011834319527
op amp;0;0.04142011834319527
asynchronous input;0;0.04142011834319527
using standard;0;0.04142011834319527
rules;0;0.03550295857988166
multivibrator;0;0.03550295857988166
multiplexing;0;0.03550295857988166
considerations;0;0.03550295857988166
hardware;0;0.03550295857988166
performance;0;0.03550295857988166
byte;0;0.03550295857988166
terminology;0;0.03550295857988166
circuitry;0;0.03550295857988166
event;0;0.03550295857988166
microcomputer;0;0.03550295857988166
controlled;0;0.03550295857988166
decade;0;0.03550295857988166
f;0;0.03550295857988166
reset;0;0.03550295857988166
building;0;0.03550295857988166
commutative;0;0.03550295857988166
construction;0;0.03550295857988166
alternative;0;0.03550295857988166
iterative;0;0.03550295857988166
xv;0;0.03550295857988166
creating;0;0.03550295857988166
p;0;0.03550295857988166
l;0;0.03550295857988166
port;0;0.03550295857988166
radix;0;0.03550295857988166
check;0;0.03550295857988166
package;0;0.03550295857988166
calculates;0;0.03550295857988166
differential;0;0.03550295857988166
difference;0;0.03550295857988166
positive;0;0.03550295857988166
evolution;0;0.03550295857988166
pentium;0;0.03550295857988166
parameter;0;0.03550295857988166
troubleshooting applied;0;0.03550295857988166
complex programmable;0;0.03550295857988166
ascii code;0;0.03550295857988166
design procedure;0;0.03550295857988166
monostable multivibrator;0;0.03550295857988166
traffic light;0;0.03550295857988166
low power;0;0.03550295857988166
open collector;0;0.03550295857988166
programmable rom;0;0.03550295857988166
dynamic ram;0;0.03550295857988166
variable karnaugh;0;0.03550295857988166
prime implicant;0;0.03550295857988166
state assignment;0;0.03550295857988166
register transfer;0;0.03550295857988166
short questions;0;0.03550295857988166
step step;0;0.03550295857988166
fixed point;0;0.03550295857988166
square root;0;0.03550295857988166
timing check;0;0.03550295857988166
continuous assignment;0;0.03550295857988166
rs flip;0;0.03550295857988166
transistor transistor;0;0.03550295857988166
verilog modeling;0;0.03550295857988166
instruction set;0;0.03550295857988166
basic stamp;0;0.03550295857988166
noise margin;0;0.03550295857988166
interfacing ttl;0;0.03550295857988166
application relevant;0;0.03550295857988166
standard ic;0;0.03550295857988166
variables map;0;0.03550295857988166
sop;0;0.029585798816568046
buses;0;0.029585798816568046
nmos;0;0.029585798816568046
cycle;0;0.029585798816568046
range;0;0.029585798816568046
word;0;0.029585798816568046
algebraic;0;0.029585798816568046
eight;0;0.029585798816568046
determining;0;0.029585798816568046
mosfet;0;0.029585798816568046
set;0;0.029585798816568046
bicmos;0;0.029585798816568046
msi;0;0.029585798816568046
quad;0;0.029585798816568046
combining;0;0.029585798816568046
resolution;0;0.029585798816568046
dual;0;0.029585798816568046
sram;0;0.029585798816568046
negative;0;0.029585798816568046
determination;0;0.029585798816568046
multi;0;0.029585798816568046
checker;0;0.029585798816568046
game;0;0.029585798816568046
e;0;0.029585798816568046
race;0;0.029585798816568046
experiment;0;0.029585798816568046
n;0;0.029585798816568046
without;0;0.029585798816568046
toggle;0;0.029585798816568046
computation;0;0.029585798816568046
background;0;0.029585798816568046
dpr;0;0.029585798816568046
declaration;0;0.029585798816568046
primitives;0;0.029585798816568046
condition;0;0.029585798816568046
checking;0;0.029585798816568046
excess;0;0.029585798816568046
group;0;0.029585798816568046
bistable;0;0.029585798816568046
effect;0;0.029585798816568046
rectifier;0;0.029585798816568046
value;0;0.029585798816568046
interrupt;0;0.029585798816568046
quine mccluskey;0;0.029585798816568046
astable multivibrator;0;0.029585798816568046
error detection;0;0.029585798816568046
hold time;0;0.029585798816568046
state transition;0;0.029585798816568046
johnson counter;0;0.029585798816568046
unused inputs;0;0.029585798816568046
drain outputs;0;0.029585798816568046
dac dac;0;0.029585798816568046
multiple output;0;0.029585798816568046
one hot;0;0.029585798816568046
multiplexers demultiplexers;0;0.029585798816568046
mealy machine;0;0.029585798816568046
moore machine;0;0.029585798816568046
vending machine;0;0.029585798816568046
carry look;0;0.029585798816568046
ahead adder;0;0.029585798816568046
partial product;0;0.029585798816568046
cordic algorithm;0;0.029585798816568046
case statement;0;0.029585798816568046
signal generator;0;0.029585798816568046
index preface;0;0.029585798816568046
care condition;0;0.029585798816568046
full subtractor;0;0.029585798816568046
hamming code;0;0.029585798816568046
energy band;0;0.029585798816568046
n junction;0;0.029585798816568046
feedback bias;0;0.029585798816568046
parameters transistor;0;0.029585798816568046
associative law;0;0.029585798816568046
distributive law;0;0.029585798816568046
state buffer;0;0.029585798816568046
stamp module;0;0.029585798816568046
module summary;0;0.029585798816568046
relevant information;0;0.029585798816568046
information key;0;0.029585798816568046
adc adc;0;0.029585798816568046
static hazard;0;0.029585798816568046
instruments;0;0.023668639053254437
pos;0;0.023668639053254437
pulse;0;0.023668639053254437
waveform;0;0.023668639053254437
operating;0;0.023668639053254437
notation;0;0.023668639053254437
embedded;0;0.023668639053254437
operational;0;0.023668639053254437
pmos;0;0.023668639053254437
representing;0;0.023668639053254437
describing;0;0.023668639053254437
ff;0;0.023668639053254437
simultaneous;0;0.023668639053254437
transition;0;0.023668639053254437
requirement;0;0.023668639053254437
left;0;0.023668639053254437
multiple;0;0.023668639053254437
less;0;0.023668639053254437
combined;0;0.023668639053254437
changing;0;0.023668639053254437
machine;0;0.023668639053254437
management;0;0.023668639053254437
offset;0;0.023668639053254437
acquisition;0;0.023668639053254437
sample;0;0.023668639053254437
cpu;0;0.023668639053254437
phase;0;0.023668639053254437
capacity;0;0.023668639053254437
selected;0;0.023668639053254437
self;0;0.023668639053254437
multiplying;0;0.023668639053254437
equivalence;0;0.023668639053254437
guidelines;0;0.023668639053254437
redundant;0;0.023668639053254437
writing;0;0.023668639053254437
bibliography;0;0.023668639053254437
xnor;0;0.023668639053254437
passive;0;0.023668639053254437
real;0;0.023668639053254437
task;0;0.023668639053254437
handling;0;0.023668639053254437
higher;0;0.023668639053254437
accumulation;0;0.023668639053254437
vedic;0;0.023668639053254437
restoring;0;0.023668639053254437
linear;0;0.023668639053254437
path;0;0.023668639053254437
re;0;0.023668639053254437
resource;0;0.023668639053254437
vector;0;0.023668639053254437
constructs;0;0.023668639053254437
global;0;0.023668639053254437
dc;0;0.023668639053254437
history;0;0.023668639053254437
π;0;0.023668639053254437
metastability;0;0.023668639053254437
next;0;0.023668639053254437
subtracting;0;0.023668639053254437
behavior;0;0.023668639053254437
invert;0;0.023668639053254437
drift;0;0.023668639053254437
zener;0;0.023668639053254437
wave;0;0.023668639053254437
capacitor;0;0.023668639053254437
principle;0;0.023668639053254437
ce;0;0.023668639053254437
norton;0;0.023668639053254437
h;0;0.023668639053254437
virtual;0;0.023668639053254437
solving;0;0.023668639053254437
version;0;0.023668639053254437
repeated;0;0.023668639053254437
nonlinearity;0;0.023668639053254437
peripheral;0;0.023668639053254437
ten;0;0.023668639053254437
feature;0;0.023668639053254437
standard forms;0;0.023668639053254437
ripple carry;0;0.023668639053254437
data selectors;0;0.023668639053254437
clock pulse;0;0.023668639053254437
transition diagram;0;0.023668639053254437
active high;0;0.023668639053254437
active low;0;0.023668639053254437
light controller;0;0.023668639053254437
power schottky;0;0.023668639053254437
set reset;0;0.023668639053254437
power supply;0;0.023668639053254437
open drain;0;0.023668639053254437
ieee ansi;0;0.023668639053254437
decoder driver;0;0.023668639053254437
strategic planning;0;0.023668639053254437
planning problem;0;0.023668639053254437
problem decomposition;0;0.023668639053254437
word size;0;0.023668639053254437
generic array;0;0.023668639053254437
consensus theorem;0;0.023668639053254437
multi level;0;0.023668639053254437
state graph;0;0.023668639053254437
contents solved;0;0.023668639053254437
canonical form;0;0.023668639053254437
parity generator;0;0.023668639053254437
signed magnitude;0;0.023668639053254437
pass filter;0;0.023668639053254437
matrix multiplication;0;0.023668639053254437
sorting architecture;0;0.023668639053254437
frequency divider;0;0.023668639053254437
pla programmable;0;0.023668639053254437
modeling floating;0;0.023668639053254437
presettable counter;0;0.023668639053254437
converter successive;0;0.023668639053254437
common emitter;0;0.023668639053254437
transistor biasing;0;0.023668639053254437
transistor thevenin;0;0.023668639053254437
two port;0;0.023668639053254437
h parameters;0;0.023668639053254437
larger bit;0;0.023668639053254437
adc ad;0;0.023668639053254437
alphanumeric code;0;0.023668639053254437
vhdl programs;0;0.023668639053254437
numeral system;0;0.023668639053254437
conclusionandkeypoints combinational;0;0.023668639053254437
introductory;0;0.01775147928994083
measurement;0;0.01775147928994083
ripple;0;0.01775147928994083
bidirectional;0;0.01775147928994083
magnetic;0;0.01775147928994083
hierarchy;0;0.01775147928994083
modulation;0;0.01775147928994083
odd;0;0.01775147928994083
glossary;0;0.01775147928994083
together;0;0.01775147928994083
nibble;0;0.01775147928994083
setting;0;0.01775147928994083
hold;0;0.01775147928994083
edge;0;0.01775147928994083
synchronization;0;0.01775147928994083
retriggerable;0;0.01775147928994083
actual;0;0.01775147928994083
als;0;0.01775147928994083
library;0;0.01775147928994083
noise;0;0.01775147928994083
fast;0;0.01775147928994083
ahct;0;0.01775147928994083
driver;0;0.01775147928994083
cathode;0;0.01775147928994083
hierarchical;0;0.01775147928994083
mask;0;0.01775147928994083
sdram;0;0.01775147928994083
first;0;0.01775147928994083
tree;0;0.01775147928994083
essential;0;0.01775147928994083
compilation;0;0.01775147928994083
accumulator;0;0.01775147928994083
elimination;0;0.01775147928994083
implication;0;0.01775147928994083
appendices;0;0.01775147928994083
initialization;0;0.01775147928994083
stimulus;0;0.01775147928994083
boards;0;0.01775147928994083
bridge;0;0.01775147928994083
tool;0;0.01775147928994083
xii;0;0.01775147928994083
foundations;0;0.01775147928994083
viii;0;0.01775147928994083
iii;0;0.01775147928994083
add;0;0.01775147928994083
external;0;0.01775147928994083
always;0;0.01775147928994083
text;0;0.01775147928994083
loadable;0;0.01775147928994083
operand;0;0.01775147928994083
larger;0;0.01775147928994083
srt;0;0.01775147928994083
fir;0;0.01775147928994083
literal;0;0.01775147928994083
string;0;0.01775147928994083
classes;0;0.01775147928994083
metal;0;0.01775147928994083
resistive;0;0.01775147928994083
modern;0;0.01775147928994083
nonvolatile;0;0.01775147928994083
precision;0;0.01775147928994083
forward;0;0.01775147928994083
character;0;0.01775147928994083
checksum;0;0.01775147928994083
m;0;0.01775147928994083
practices;0;0.01775147928994083
drawing;0;0.01775147928994083
arbitrary;0;0.01775147928994083
comparing;0;0.01775147928994083
asm;0;0.01775147928994083
methodology;0;0.01775147928994083
synchronizer;0;0.01775147928994083
noninverting;0;0.01775147928994083
disadvantage;0;0.01775147928994083
ad;0;0.01775147928994083
xvii;0;0.01775147928994083
electron;0;0.01775147928994083
cell;0;0.01775147928994083
band;0;0.01775147928994083
diffusion;0;0.01775147928994083
junction;0;0.01775147928994083
capacitance;0;0.01775147928994083
inductor;0;0.01775147928994083
shunt;0;0.01775147928994083
clipper;0;0.01775147928994083
amplification;0;0.01775147928994083
stability;0;0.01775147928994083
useful;0;0.01775147928994083
dependence;0;0.01775147928994083
fet;0;0.01775147928994083
oscilloscope;0;0.01775147928994083
cro;0;0.01775147928994083
triggering;0;0.01775147928994083
weight;0;0.01775147928994083
historical;0;0.01775147928994083
exor;0;0.01775147928994083
build;0;0.01775147928994083
null;0;0.01775147928994083
modulo;0;0.01775147928994083
synchronized;0;0.01775147928994083
author;0;0.01775147928994083
switches;0;0.01775147928994083
servo;0;0.01775147928994083
analogue;0;0.01775147928994083
right;0;0.01775147928994083
inside;0;0.01775147928994083
keyboard;0;0.01775147928994083
nine;0;0.01775147928994083
compatible;0;0.01775147928994083
spartan;0;0.01775147928994083
comments;0;0.01775147928994083
objects;0;0.01775147928994083
net;0;0.01775147928994083
pin;0;0.01775147928994083
stack;0;0.01775147928994083
motivation;0;0.01775147928994083
conclusionandkeypoint;0;0.01775147928994083
dependency notation;0;0.01775147928994083
optical storage;0;0.01775147928994083
duty cycle;0;0.01775147928994083
looping groups;0;0.01775147928994083
related devices;0;0.01775147928994083
pulse width;0;0.01775147928994083
clock skew;0;0.01775147928994083
stepper motor;0;0.01775147928994083
data sheets;0;0.01775147928994083
power dissipation;0;0.01775147928994083
advanced schottky;0;0.01775147928994083
high speed;0;0.01775147928994083
collector open;0;0.01775147928994083
decomposition synthesis;0;0.01775147928994083
resolution accuracy;0;0.01775147928994083
dual slope;0;0.01775147928994083
write cycle;0;0.01775147928994083
address decoding;0;0.01775147928994083
maxterm expansions;0;0.01775147928994083
vhdl processes;0;0.01775147928994083
processes modeling;0;0.01775147928994083
sm charts;0;0.01775147928994083
preface ix;0;0.01775147928994083
original function;0;0.01775147928994083
setup check;0;0.01775147928994083
path setup;0;0.01775147928994083
low pass;0;0.01775147928994083
iir filter;0;0.01775147928994083
means algorithm;0;0.01775147928994083
median filter;0;0.01775147928994083
point fft;0;0.01775147928994083
user defined;0;0.01775147928994083
microwave controller;0;0.01775147928994083
global constant;0;0.01775147928994083
sums pos;0;0.01775147928994083
switch debouncing;0;0.01775147928994083
programmable interconnect;0;0.01775147928994083
central processing;0;0.01775147928994083
single precision;0;0.01775147928994083
error correcting;0;0.01775147928994083
t bird;0;0.01775147928994083
bird tail;0;0.01775147928994083
tail lights;0;0.01775147928994083
electrical behavior;0;0.01775147928994083
tabular method;0;0.01775147928994083
current density;0;0.01775147928994083
square wave;0;0.01775147928994083
weighted resistor;0;0.01775147928994083
worked example;0;0.01775147928994083
identity law;0;0.01775147928994083
idempotent law;0;0.01775147928994083
salient features;0;0.01775147928994083
mc microprocessor;0;0.01775147928994083
barrel shifter;0;0.01775147928994083
trans receiver;0;0.01775147928994083
pin configuration;0;0.01775147928994083
table statediagram;0;0.01775147928994083
astable;0;0.011834319526627219
os;0;0.011834319526627219
usb;0;0.011834319526627219
soc;0;0.011834319526627219
emitter;0;0.011834319526627219
limitations;0;0.011834319526627219
precedence;0;0.011834319526627219
looping;0;0.011834319526627219
resetting;0;0.011834319526627219
alternate;0;0.011834319526627219
setup;0;0.011834319526627219
clocking;0;0.011834319526627219
potential;0;0.011834319526627219
monostable;0;0.011834319526627219
nonretriggerable;0;0.011834319526627219
crystal;0;0.011834319526627219
shorted;0;0.011834319526627219
extension;0;0.011834319526627219
sscomplement;0;0.011834319526627219
greater;0;0.011834319526627219
displaying;0;0.011834319526627219
analyzing;0;0.011834319526627219
idea;0;0.011834319526627219
featured;0;0.011834319526627219
starting;0;0.011834319526627219
johnson;0;0.011834319526627219
sourcing;0;0.011834319526627219
action;0;0.011834319526627219
temperature;0;0.011834319526627219