diseño,1.0
memoria,0.5588235294117647
lógica,0.5294117647058824
análisis,0.47058823529411764
compuerta,0.4411764705882353
secuenciales,0.38235294117647056
arquitectura,0.38235294117647056
código,0.3235294117647059
boole,0.29411764705882354
registros,0.29411764705882354
combinacionales,0.2647058823529412
contadores,0.2647058823529412
vhdl,0.2647058823529412
máquina,0.2647058823529412
sumador,0.23529411764705882
integrado,0.23529411764705882
rom,0.23529411764705882
complemento,0.20588235294117646
decodificadores,0.20588235294117646
multiplexores,0.20588235294117646
lenguaje,0.20588235294117646
proyecto,0.20588235294117646
binario,0.17647058823529413
signo,0.17647058823529413
funciones,0.17647058823529413
estados,0.17647058823529413
codificadores,0.17647058823529413
secuencial,0.17647058823529413
simulaciones,0.17647058823529413
booleana,0.17647058823529413
investigación,0.17647058823529413
funciones lógicas,0.17647058823529413
flip flop,0.17647058823529413
algebra,0.14705882352941177
numeración,0.14705882352941177
bcd,0.14705882352941177
aritmética,0.14705882352941177
operaciones,0.14705882352941177
suma,0.14705882352941177
or,0.14705882352941177
expresiones,0.14705882352941177
implementación,0.14705882352941177
demultiplexores,0.14705882352941177
alu,0.14705882352941177
fsm,0.14705882352941177
fpga,0.14705882352941177
tipos,0.14705882352941177
dispositivos lógicos,0.14705882352941177
lógicos programables,0.14705882352941177
síntesis,0.11764705882352941
sincrónicos,0.11764705882352941
finito,0.11764705882352941
niveles,0.11764705882352941
magnitud,0.11764705882352941
and,0.11764705882352941
producto,0.11764705882352941
datos,0.11764705882352941
ttl,0.11764705882352941
combinacional,0.11764705882352941
mapas,0.11764705882352941
aplicaciones,0.11764705882352941
completo,0.11764705882352941
restador,0.11764705882352941
comparadores,0.11764705882352941
computadores,0.11764705882352941
programación,0.11764705882352941
plds,0.11764705882352941
cpld,0.11764705882352941
sentencia,0.11764705882352941
variables,0.08823529411764706
octal,0.08823529411764706
decimal,0.08823529411764706
hexadecimal,0.08823529411764706
gray,0.08823529411764706
representación,0.08823529411764706
enteros,0.08823529411764706
álgebra,0.08823529411764706
not,0.08823529411764706
simplificación,0.08823529411764706
nand,0.08823529411764706
nor,0.08823529411764706
mealy,0.08823529411764706
moore,0.08823529411764706
desplazamiento,0.08823529411764706
dispositivos,0.08823529411764706
programmable,0.08823529411764706
microcontrolador,0.08823529411764706
ram,0.08823529411764706
acceso,0.08823529411764706
binaria,0.08823529411764706
sin,0.08823529411764706
dos,0.08823529411764706
hardware,0.08823529411764706
abel,0.08823529411764706
simulación,0.08823529411764706
combinatorio,0.08823529411764706
contador,0.08823529411764706
teorema,0.08823529411764706
canónica,0.08823529411764706
solución,0.08823529411764706
dudas,0.08823529411764706
ejecución,0.08823529411764706
componentes,0.08823529411764706
sumadores restadores,0.08823529411764706
examen parcial,0.08823529411764706
programa,0.058823529411764705
electrónica,0.058823529411764705
se,0.058823529411764705
fundamentos,0.058823529411764705
siguientes,0.058823529411764705
asincrónicos,0.058823529411764705
entre,0.058823529411764705
base,0.058823529411764705
ponderados,0.058823529411764705
números,0.058823529411764705
fija,0.058823529411764705
flotante,0.058823529411764705
resta,0.058823529411764705
detección,0.058823529411764705
corrección,0.058823529411764705
errores,0.058823529411764705
hamming,0.058823529411764705
propiedades,0.058823529411764705
xor,0.058823529411764705
verdad,0.058823529411764705
realización,0.058823529411764705
características,0.058823529411764705
fan,0.058823529411764705
retardos,0.058823529411764705
propagación,0.058823529411764705
buffer,0.058823529411764705
clasificación,0.058823529411764705
aplicación,0.058823529411764705
pwm,0.058823529411764705
tecnología,0.058823529411764705
procesador,0.058823529411764705
formas,0.058823529411764705
multiplicadores,0.058823529411764705
visualización,0.058823529411764705
dinámica,0.058823529411764705
proceso,0.058823529411764705
bus,0.058823529411764705
al,0.058823529411764705
instrucciones,0.058823529411764705
conceptos,0.058823529411764705
fundamentales,0.058823529411764705
vs,0.058823529411764705
análogo,0.058823529411764705
familia,0.058823529411764705
cmos,0.058823529411764705
aspectos,0.058823529411764705
básicos,0.058823529411764705
fraccional,0.058823529411764705
corrimiento,0.058823529411764705
transmisión,0.058823529411764705
almacenamiento,0.058823529411764705
elementales,0.058823529411764705
tabla,0.058823529411764705
subsistemas,0.058823529411764705
aritméticos,0.058823529411764705
tiempo,0.058823529411764705
three,0.058823529411764705
state,0.058823529411764705
paridad,0.058823529411764705
biestables,0.058823529411764705
caso,0.058823529411764705
msf,0.058823529411764705
asf,0.058823529411764705
procesadores,0.058823529411764705
básicas,0.058823529411764705
harvard,0.058823529411764705
microcontroladores,0.058823529411764705
microprocesador,0.058823529411764705
elementos,0.058823529411764705
entidades,0.058823529411764705
operadores,0.058823529411764705
estructural,0.058823529411764705
principios,0.058823529411764705
karnaugh,0.058823529411764705
segmentos,0.058823529411764705
bits,0.058823529411764705
herramientas,0.058823529411764705
metodologías,0.058823529411764705
top,0.058823529411764705
down,0.058823529411764705
cerrojos,0.058823529411764705
control,0.058823529411764705
aleatorio,0.058823529411764705
solo,0.058823529411764705
lectura,0.058823529411764705
presentación,0.058823529411764705
función,0.058823529411764705
discreto,0.058823529411764705
conversor,0.058823529411764705
xilinx,0.058823529411764705
esquemático,0.058823529411764705
pal,0.058823529411764705
funcional,0.058823529411764705
genéricos,0.058823529411764705
constantes,0.058823529411764705