design;1.0
logic;0.7564102564102564
gate;0.6581196581196581
e;0.6282051282051282
counter;0.6196581196581197
binary;0.5555555555555556
o;0.5555555555555556
flip flop;0.43162393162393164
t;0.4188034188034188
memory;0.38461538461538464
number;0.36324786324786323
p;0.3504273504273504
bit;0.33760683760683763
decoder;0.32905982905982906
exercises;0.3247863247863248
multiplexer;0.3076923076923077
bcd;0.2948717948717949
test bench;0.2948717948717949
verilog;0.2905982905982906
code;0.2863247863247863
conversion;0.2777777777777778
register;0.27350427350427353
cmos;0.27350427350427353
sequential;0.2606837606837607
converter;0.25213675213675213
logic gate;0.24786324786324787
function;0.24358974358974358
data;0.23931623931623933
simulation;0.23931623931623933
shift register;0.2264957264957265
complement;0.2222222222222222
implementation;0.21794871794871795
c;0.21367521367521367
arithmetic;0.2094017094017094
parallel;0.2094017094017094
serial;0.2094017094017094
model;0.20512820512820512
level;0.20512820512820512
applications;0.20085470085470086
ttl;0.20085470085470086
representation;0.20085470085470086
addition;0.20085470085470086
flipflop;0.19658119658119658
unit;0.19658119658119658
integrated;0.19230769230769232
analog;0.18803418803418803
vhdl;0.18803418803418803
subtraction;0.18803418803418803
combinational;0.1752136752136752
inputs;0.1752136752136752
hdl;0.1752136752136752
component;0.1752136752136752
statement;0.17094017094017094
state machine;0.17094017094017094
analysis;0.16666666666666666
architecture;0.16666666666666666
summary;0.1623931623931624
device;0.1623931623931624
programmable logic;0.1623931623931624
combinational logic;0.1623931623931624
encoder;0.1581196581196581
question;0.1581196581196581
b;0.15384615384615385
transistor;0.14957264957264957
clock;0.14957264957264957
voltage;0.14957264957264957
boolean algebra;0.14957264957264957
method;0.1452991452991453
decoding;0.1452991452991453
fpga;0.1452991452991453
structure;0.1452991452991453
types;0.14102564102564102
asynchronous;0.14102564102564102
theorem;0.14102564102564102
karnaugh map;0.14102564102564102
nand;0.13675213675213677
ic;0.13675213675213677
parity;0.13247863247863248
state;0.13247863247863248
latch;0.13247863247863248
adder;0.13247863247863248
module;0.13247863247863248
marcombo sa;0.1282051282051282
control;0.12393162393162394
microprocessor;0.12393162393162394
nand gate;0.12393162393162394
t e;0.12393162393162394
timing;0.11965811965811966
time;0.11965811965811966
decimal;0.11538461538461539
synchronous;0.11538461538461539
current;0.11538461538461539
rights reserved;0.11538461538461539
binary number;0.11538461538461539
standard;0.1111111111111111
sum;0.1111111111111111
full adder;0.1111111111111111
map;0.10683760683760683
multiplication;0.10683760683760683
generator;0.10683760683760683
low;0.10683760683760683
series;0.10683760683760683
block;0.10683760683760683
priority encoder;0.10683760683760683
synchronous counter;0.10683760683760683
reinforcement questions;0.10683760683760683
ram;0.10256410256410256
read;0.10256410256410256
computer;0.10256410256410256
index;0.10256410256410256
synthesis;0.10256410256410256
division;0.09829059829059829
table;0.09829059829059829
outputs;0.09829059829059829
microcontroller;0.09829059829059829
appendix;0.09829059829059829
electronic;0.09829059829059829
amplifier;0.09829059829059829
ﬂip ﬂop;0.09829059829059829
octal;0.09401709401709402
rom;0.09401709401709402
signals;0.09401709401709402
part;0.09401709401709402
comparator;0.09401709401709402
programmable;0.08974358974358974
simplification;0.08974358974358974
interfacing;0.08974358974358974
description;0.08974358974358974
j;0.08974358974358974
demultiplexer;0.08974358974358974
product;0.08974358974358974
experiment;0.08974358974358974
floating point;0.08974358974358974
gray code;0.08974358974358974
study guide;0.08974358974358974
test;0.08547008547008547
one;0.08547008547008547
u;0.08547008547008547
sequence;0.08547008547008547
law;0.08547008547008547
feedback;0.08547008547008547
alu;0.08547008547008547
conclusion;0.08547008547008547
logic function;0.08547008547008547
t h;0.08547008547008547
minimization;0.0811965811965812
y;0.0811965811965812
power;0.0811965811965812
variable;0.0811965811965812
transfer;0.0811965811965812
delay;0.0811965811965812
family;0.0811965811965812
symbol;0.0811965811965812
mode;0.0811965811965812
lesson;0.0811965811965812
sequential logic;0.0811965811965812
hexadecimal;0.07692307692307693
inverter;0.07692307692307693
latches;0.07692307692307693
semiconductor;0.07692307692307693
processor;0.07692307692307693
hazard;0.07692307692307693
operator;0.07692307692307693
base;0.07692307692307693
code converter;0.07692307692307693
logic device;0.07692307692307693
proquest ebook;0.07692307692307693
ebook central;0.07692307692307693
ebookcentralproquestcom liblibraryusta;0.07692307692307693
liblibraryusta ebooks;0.07692307692307693
ebooks detailaction;0.07692307692307693
detailaction docid;0.07692307692307693
docid created;0.07692307692307693
created fromlibraryusta;0.07692307692307693
fromlibraryusta ebooks;0.07692307692307693
operations;0.07264957264957266
exclusive;0.07264957264957266
parameter;0.07264957264957266
behavior;0.07264957264957266
enable;0.07264957264957266
program;0.07264957264957266
assignment;0.07264957264957266
language;0.07264957264957266
verification;0.07264957264957266
logic families;0.07264957264957266
multiple choice;0.07264957264957266
answers reasoning;0.07264957264957266
answers solved;0.07264957264957266
programming;0.06837606837606838
ecl;0.06837606837606838
high;0.06837606837606838
switching;0.06837606837606838
suppressed;0.06837606837606838
loop;0.06837606837606838
vhdl code;0.06837606837606838
data types;0.06837606837606838
bus;0.0641025641025641
use;0.0641025641025641
g;0.0641025641025641
logical;0.0641025641025641
frequency;0.0641025641025641
coding;0.0641025641025641
common;0.0641025641025641
subtractor;0.0641025641025641
multiplier;0.0641025641025641
element;0.0641025641025641
instruction;0.0641025641025641
fsm;0.0641025641025641
binary code;0.0641025641025641
boolean expression;0.0641025641025641
solved numerical;0.0641025641025641
vázquez del;0.0641025641025641
del real;0.0641025641025641
real javier;0.0641025641025641
ed marcombo;0.0641025641025641
sa proquest;0.0641025641025641
copyright marcombo;0.0641025641025641
reserved ebook;0.0641025641025641
printed page;0.0641025641025641
error;0.05982905982905983
boolean;0.05982905982905983
memories;0.05982905982905983
form;0.05982905982905983
oscillator;0.05982905982905983
testbench;0.05982905982905983
rtl;0.05982905982905983
equation;0.05982905982905983
lab;0.05982905982905983
list;0.05982905982905983
package;0.05982905982905983
finite state;0.05982905982905983
truth table;0.05982905982905983
key terms;0.05982905982905983
t o;0.05982905982905983
c h;0.05982905982905983
important concepts;0.05982905982905983
concepts short;0.05982905982905983
short answer;0.05982905982905983
answer questions;0.05982905982905983
questions exercises;0.05982905982905983
boolean function;0.05982905982905983
carry;0.05555555555555555
arrays;0.05555555555555555
flash;0.05555555555555555
transmission;0.05555555555555555
preface;0.05555555555555555
driver;0.05555555555555555
capacity;0.05555555555555555
tristate;0.05555555555555555
line;0.05555555555555555
unsigned;0.05555555555555555
constant;0.05555555555555555
equivalent;0.05555555555555555
concurrent;0.05555555555555555
timing diagram;0.05555555555555555
parallel adder;0.05555555555555555
ring counter;0.05555555555555555
adder subtractor;0.05555555555555555
ripple counter;0.05555555555555555
dram;0.05128205128205128
xor;0.05128205128205128
hex;0.05128205128205128
generation;0.05128205128205128
adc;0.05128205128205128
h;0.05128205128205128
diode;0.05128205128205128
debounce;0.05128205128205128
three state;0.05128205128205128
magnitude comparator;0.05128205128205128
references drill;0.05128205128205128
machine design;0.05128205128205128
parity detector;0.05128205128205128
exercises answers;0.05128205128205128
asynchronous flipflop;0.05128205128205128
c t;0.05128205128205128
t u;0.05128205128205128
storage;0.04700854700854701
special;0.04700854700854701
comparison;0.04700854700854701
three;0.04700854700854701
flow;0.04700854700854701
examples;0.04700854700854701
versus;0.04700854700854701
mod;0.04700854700854701
advantage;0.04700854700854701
ieee;0.04700854700854701
led;0.04700854700854701
dac;0.04700854700854701
pld;0.04700854700854701
door;0.04700854700854701
structural;0.04700854700854701
algorithm;0.04700854700854701
detector;0.04700854700854701
arduino;0.04700854700854701
binary conversion;0.04700854700854701
random access;0.04700854700854701
hexadecimal number;0.04700854700854701
half adder;0.04700854700854701
seven segment;0.04700854700854701
jk flip;0.04700854700854701
addressing mode;0.04700854700854701
g o;0.04700854700854701
e c;0.04700854700854701
logic high;0.04700854700854701
troubleshooting;0.042735042735042736
signed;0.042735042735042736
simple;0.042735042735042736
expansion;0.042735042735042736
processing;0.042735042735042736
multiplexing;0.042735042735042736
junction;0.042735042735042736
xv;0.042735042735042736
internal;0.042735042735042736
buffer;0.042735042735042736
expression;0.042735042735042736
describing;0.042735042735042736
clocked;0.042735042735042736
interface;0.042735042735042736
driving;0.042735042735042736
pal;0.042735042735042736
without;0.042735042735042736
editorial;0.042735042735042736
ci;0.042735042735042736
moore;0.042735042735042736
network;0.042735042735042736
divider;0.042735042735042736
file;0.042735042735042736
conditional;0.042735042735042736
bias;0.042735042735042736
sr;0.042735042735042736
po;0.042735042735042736
access memory;0.042735042735042736
edge triggered;0.042735042735042736
one shot;0.042735042735042736
propagation delay;0.042735042735042736
schottky ttl;0.042735042735042736
state table;0.042735042735042736
decimal number;0.042735042735042736
low level;0.042735042735042736
logical function;0.042735042735042736
module counter;0.042735042735042736
flop conversion;0.042735042735042736
signed number;0.042735042735042736
considerations;0.038461538461538464
embedded;0.038461538461538464
bipolar;0.038461538461538464
resistor;0.038461538461538464
complementary;0.038461538461538464
non;0.038461538461538464
static;0.038461538461538464
definitions;0.038461538461538464
finding;0.038461538461538464
four;0.038461538461538464
maximum;0.038461538461538464
cascading;0.038461538461538464
fan;0.038461538461538464
expanding;0.038461538461538464
programmed;0.038461538461538464
reduction;0.038461538461538464
free;0.038461538461538464
encoding;0.038461538461538464
bistable;0.038461538461538464
display;0.038461538461538464
minterm;0.038461538461538464
filter;0.038461538461538464
source;0.038461538461538464
path;0.038461538461538464
dtl;0.038461538461538464
hardware description;0.038461538461538464
sequence detector;0.038461538461538464
design corresponding;0.038461538461538464
assignment statement;0.038461538461538464
bit shift;0.038461538461538464
global constant;0.038461538461538464
verification exercises;0.038461538461538464
implementing;0.03418803418803419
hardware;0.03418803418803419
cell;0.03418803418803419
multiple;0.03418803418803419
designing;0.03418803418803419
circuitry;0.03418803418803419
timer;0.03418803418803419
ls;0.03418803418803419
mosfet;0.03418803418803419
switch;0.03418803418803419
testing;0.03418803418803419
specifications;0.03418803418803419
address;0.03418803418803419
procedural;0.03418803418803419
xiii;0.03418803418803419
vs;0.03418803418803419
duplicated;0.03418803418803419
whole;0.03418803418803419
echapter;0.03418803418803419
deemed;0.03418803418803419
overall;0.03418803418803419
reserves;0.03418803418803419
arm;0.03418803418803419
load;0.03418803418803419
oscilloscope;0.03418803418803419
pin;0.03418803418803419
sentence;0.03418803418803419
terminals;0.03418803418803419
coded decimal;0.03418803418803419
state buffer;0.03418803418803419
decimal conversion;0.03418803418803419
data transfer;0.03418803418803419
excitation table;0.03418803418803419
don t;0.03418803418803419
t care;0.03418803418803419
binary multiplier;0.03418803418803419
description language;0.03418803418803419
octal number;0.03418803418803419
theorem theorem;0.03418803418803419
register file;0.03418803418803419
copyright cengage;0.03418803418803419
copied scanned;0.03418803418803419
electronic rights;0.03418803418803419
third party;0.03418803418803419
materially affect;0.03418803418803419
experience cengage;0.03418803418803419
remove additional;0.03418803418803419
subsequent rights;0.03418803418803419
rights restrictions;0.03418803418803419
restrictions require;0.03418803418803419
algebra;0.029914529914529916
rules;0.029914529914529916
sop;0.029914529914529916
universal;0.029914529914529916
pulse;0.029914529914529916
waveform;0.029914529914529916
basics;0.029914529914529916
ix;0.029914529914529916
w;0.029914529914529916
direct;0.029914529914529916
xvii;0.029914529914529916
sign;0.029914529914529916
diagram;0.029914529914529916
detecting;0.029914529914529916
advanced;0.029914529914529916
mux;0.029914529914529916
resolution;0.029914529914529916
ladder;0.029914529914529916
generic;0.029914529914529916
canonical;0.029914529914529916
chart;0.029914529914529916
page;0.029914529914529916
duality;0.029914529914529916
construction;0.029914529914529916
depending;0.029914529914529916
values;0.029914529914529916
capacitor;0.029914529914529916
rt;0.029914529914529916
converting;0.029914529914529916
workshop;0.029914529914529916
modelling;0.029914529914529916
arithmetic operations;0.029914529914529916
binary coded;0.029914529914529916
applied logic;0.029914529914529916
look ahead;0.029914529914529916
astable multivibrator;0.029914529914529916
field programmable;0.029914529914529916
emitter coupled;0.029914529914529916
static ram;0.029914529914529916
xor gate;0.029914529914529916
excess code;0.029914529914529916
error detection;0.029914529914529916
schmitt trigger;0.029914529914529916
als hc;0.029914529914529916
open collector;0.029914529914529916
successive approximation;0.029914529914529916
four variable;0.029914529914529916
segment display;0.029914529914529916
adder full;0.029914529914529916
full subtractor;0.029914529914529916
adder carry;0.029914529914529916
storage devices;0.029914529914529916
incompletely specified;0.029914529914529916
instruction set;0.029914529914529916
op amp;0.029914529914529916
universal gate;0.029914529914529916
state diagram;0.029914529914529916
recommended readings;0.029914529914529916
high level;0.029914529914529916
level synthesis;0.029914529914529916
sr latch;0.029914529914529916
frequently asked;0.029914529914529916
asked questions;0.029914529914529916
questions conclusion;0.029914529914529916
half;0.02564102564102564
operating;0.02564102564102564
multivibrator;0.02564102564102564
nmos;0.02564102564102564
simplified;0.02564102564102564
xiv;0.02564102564102564
methodology;0.02564102564102564
effect;0.02564102564102564
xvi;0.02564102564102564
mos;0.02564102564102564
multi;0.02564102564102564
determination;0.02564102564102564
bibliography;0.02564102564102564
counting;0.02564102564102564
correction;0.02564102564102564
study;0.02564102564102564
controller;0.02564102564102564
figure;0.02564102564102564
msi;0.02564102564102564
prom;0.02564102564102564
fundamentals;0.02564102564102564
single;0.02564102564102564
iterative;0.02564102564102564
adding;0.02564102564102564
combination;0.02564102564102564
differential;0.02564102564102564
classification;0.02564102564102564
rs;0.02564102564102564
positive;0.02564102564102564
modulus;0.02564102564102564
selection;0.02564102564102564
pentium;0.02564102564102564
maxterm;0.02564102564102564
elimination;0.02564102564102564
ﬂop;0.02564102564102564
q;0.02564102564102564
distortion;0.02564102564102564
fet;0.02564102564102564
board;0.02564102564102564
entity;0.02564102564102564
vector;0.02564102564102564
string;0.02564102564102564
mealy;0.02564102564102564
deﬁnition;0.02564102564102564
designed;0.02564102564102564
record;0.02564102564102564
odeling;0.02564102564102564
condition;0.02564102564102564
td;0.02564102564102564
tr;0.02564102564102564
troubleshooting applied;0.02564102564102564
complement representation;0.02564102564102564
point representation;0.02564102564102564
design procedure;0.02564102564102564
monostable multivibrator;0.02564102564102564
johnson counter;0.02564102564102564
low power;0.02564102564102564
power supply;0.02564102564102564
segment decoder;0.02564102564102564
programmable rom;0.02564102564102564
test benches;0.02564102564102564
adder half;0.02564102564102564
rs flip;0.02564102564102564
master slave;0.02564102564102564
transistor transistor;0.02564102564102564
prime implicant;0.02564102564102564
vending machine;0.02564102564102564
multiplexer synthesis;0.02564102564102564
pseudorandom bit;0.02564102564102564
bit generator;0.02564102564102564
ecoe editions;0.02564102564102564
step step;0.02564102564102564
continuous assignment;0.02564102564102564
square root;0.02564102564102564
timing check;0.02564102564102564
o w;0.02564102564102564
fpga implementation;0.02564102564102564
standard ic;0.02564102564102564
instruments;0.021367521367521368
buses;0.021367521367521368
pmos;0.021367521367521368
xix;0.021367521367521368
external;0.021367521367521368
radix;0.021367521367521368
magnitude;0.021367521367521368
excess;0.021367521367521368
vi;0.021367521367521368
simpliﬁcation;0.021367521367521368
cycle;0.021367521367521368
range;0.021367521367521368
word;0.021367521367521368
procedure;0.021367521367521368
eight;0.021367521367521368
terminology;0.021367521367521368
setup;0.021367521367521368
requirement;0.021367521367521368
controlled;0.021367521367521368
behavioral;0.021367521367521368
families;0.021367521367521368
loading;0.021367521367521368
reset;0.021367521367521368
bicmos;0.021367521367521368
lcd;0.021367521367521368
management;0.021367521367521368
decomposition;0.021367521367521368
race;0.021367521367521368
ma;0.021367521367521368
style;0.021367521367521368
layout;0.021367521367521368
negative;0.021367521367521368
checking;0.021367521367521368
ten;0.021367521367521368
reference;0.021367521367521368
xnor;0.021367521367521368
connection;0.021367521367521368
characteristic;0.021367521367521368
user;0.021367521367521368
compilation;0.021367521367521368
postulates;0.021367521367521368
preset;0.021367521367521368
toggle;0.021367521367521368
nonlinearity;0.021367521367521368
gain;0.021367521367521368
evolution;0.021367521367521368
interrupt;0.021367521367521368
alternative;0.021367521367521368
checker;0.021367521367521368
resistance;0.021367521367521368
rectifier;0.021367521367521368
port;0.021367521367521368
aluminum;0.021367521367521368
declaration;0.021367521367521368
dlogic;0.021367521367521368
loadability;0.021367521367521368
risk;0.021367521367521368
feature;0.021367521367521368
semi;0.021367521367521368
response;0.021367521367521368
second;0.021367521367521368
xilinx;0.021367521367521368
cpld;0.021367521367521368
primitives;0.021367521367521368
difference;0.021367521367521368
computation;0.021367521367521368
fixed function;0.021367521367521368
quine mccluskey;0.021367521367521368
ripple carry;0.021367521367521368
data transmission;0.021367521367521368
fixed point;0.021367521367521368
ascii code;0.021367521367521368
static hazard;0.021367521367521368
state transition;0.021367521367521368
supply voltage;0.021367521367521368
drain outputs;0.021367521367521368
dac dac;0.021367521367521368
block diagram;0.021367521367521368
read write;0.021367521367521368
negative numbers;0.021367521367521368
tuesd ay;0.021367521367521368
ay march;0.021367521367521368
three variable;0.021367521367521368
variable karnaugh;0.021367521367521368
noise margin;0.021367521367521368
redundancy check;0.021367521367521368
hamming code;0.021367521367521368
relevant information;0.021367521367521368
information key;0.021367521367521368
adc adc;0.021367521367521368
one hot;0.021367521367521368
carry look;0.021367521367521368
ahead adder;0.021367521367521368
energy band;0.021367521367521368
amplifier common;0.021367521367521368
code listing;0.021367521367521368
test bank;0.021367521367521368
concurrent statement;0.021367521367521368
moore machine;0.021367521367521368
mealy machine;0.021367521367521368
frequency divider;0.021367521367521368
ga el;0.021367521367521368
el sheikh;0.021367521367521368
conclusion andkeypoints;0.021367521367521368
prime number;0.021367521367521368
spurious states;0.021367521367521368
serial communication;0.021367521367521368
design according;0.021367521367521368
workshop lesson;0.021367521367521368
verilog modeling;0.021367521367521368
care condition;0.021367521367521368
gp o;0.021367521367521368
partial product;0.021367521367521368
alphanumeric code;0.021367521367521368
measurement;0.017094017094017096
magnetic;0.017094017094017096
hierarchy;0.017094017094017096
operational;0.017094017094017096
emitter;0.017094017094017096
author;0.017094017094017096
manufacturing;0.017094017094017096
processes;0.017094017094017096
linear;0.017094017094017096
z;0.017094017094017096
reversing;0.017094017094017096
alfaomega;0.017094017094017096
principle;0.017094017094017096
passive;0.017094017094017096
check;0.017094017094017096
terms;0.017094017094017096
byte;0.017094017094017096
detection;0.017094017094017096
format;0.017094017094017096
groups;0.017094017094017096
setting;0.017094017094017096
ff;0.017094017094017096
simultaneous;0.017094017094017096
synchronization;0.017094017094017096
left;0.017094017094017096
less;0.017094017094017096
combined;0.017094017094017096
decade;0.017094017094017096
hc;0.017094017094017096
noise;0.017094017094017096
biasing;0.017094017094017096
set;0.017094017094017096
planning;0.017094017094017096
offset;0.017094017094017096
acquisition;0.017094017094017096
dual;0.017094017094017096
cpu;0.017094017094017096
mask;0.017094017094017096
select;0.017094017094017096
change;0.017094017094017096
chips;0.017094017094017096
gal;0.017094017094017096
selected;0.017094017094017096
properties;0.017094017094017096
writing;0.017094017094017096
prototyping;0.017094017094017096
book;0.017094017094017096
positional;0.017094017094017096
arbitrary;0.017094017094017096
custom;0.017094017094017096
multiplying;0.017094017094017096
next;0.017094017094017096
metastability;0.017094017094017096
invert;0.017094017094017096
electrical;0.017094017094017096
higher;0.017094017094017096
ebcdic;0.017094017094017096
repeated;0.017094017094017096
right;0.017094017094017096
guidelines;0.017094017094017096
ed;0.017094017094017096
xviii;0.017094017094017096
peripheral;0.017094017094017096
equivalence;0.017094017094017096
derivation;0.017094017094017096
redundant;0.017094017094017096
functional;0.017094017094017096
execution;0.017094017094017096
stack;0.017094017094017096
constructs;0.017094017094017096
virtual;0.017094017094017096
attributes;0.017094017094017096
drift;0.017094017094017096
zener;0.017094017094017096
configuration;0.017094017094017096
amplification;0.017094017094017096
hybrid;0.017094017094017096
inverting;0.017094017094017096
morgan;0.017094017094017096
background;0.017094017094017096
organization;0.017094017094017096
generate;0.017094017094017096
initialization;0.017094017094017096
integer;0.017094017094017096
calculates;0.017094017094017096
ga;0.017094017094017096
numeral;0.017094017094017096
estimation;0.017094017094017096
pspice;0.017094017094017096
transient;0.017094017094017096
hand;0.017094017094017096
accountant;0.017094017094017096
configurable;0.017094017094017096
spartan;0.017094017094017096
note;0.017094017094017096
disadvantage;0.017094017094017096
gp;0.017094017094017096
ep;0.017094017094017096
accumulation;0.017094017094017096
la;0.017094017094017096
resource;0.017094017094017096
pedro julián;0.017094017094017096
power dissipation;0.017094017094017096
memories rom;0.017094017094017096
error correcting;0.017094017094017096
multi level;0.017094017094017096
clock pulse;0.017094017094017096
pulse width;0.017094017094017096
hold time;0.017094017094017096
transition diagram;0.017094017094017096
traffic light;0.017094017094017096
light controller;0.017094017094017096
power schottky;0.017094017094017096
unused inputs;0.017094017094017096
set reset;0.017094017094017096
open drain;0.017094017094017096
ieee ansi;0.017094017094017096
signed magnitude;0.017094017094017096
building blocks;0.017094017094017096
transition time;0.017094017094017096
five variable;0.017094017094017096
larger bit;0.017094017094017096
consensus theorem;0.017094017094017096
adc ad;0.017094017094017096
pla programmable;0.017094017094017096
state graph;0.017094017094017096
amplifier class;0.017094017094017096
field effect;0.017094017094017096
pass filter;0.017094017094017096
tri state;0.017094017094017096
asynchronous reset;0.017094017094017096
decoder described;0.017094017094017096
transfer feature;0.017094017094017096
priority coding;0.017094017094017096
alternative synthesis;0.017094017094017096
direct feedback;0.017094017094017096
multiplexed sweep;0.017094017094017096
prototyping platforms;0.017094017094017096
editions mexico;0.017094017094017096
modeling floating;0.017094017094017096
presettable counter;0.017094017094017096
lo u;0.017094017094017096
c kd;0.017094017094017096
cordic algorithm;0.017094017094017096
matrix multiplication;0.017094017094017096
flop excitation;0.017094017094017096
introductory;0.01282051282051282
demorgan;0.01282051282051282
property;0.01282051282051282
ripple;0.01282051282051282
bidirectional;0.01282051282051282
notation;0.01282051282051282
random;0.01282051282051282
dsp;0.01282051282051282
modulation;0.01282051282051282
usb;0.01282051282051282
odd;0.01282051282051282
doping;0.01282051282051282
parasitic;0.01282051282051282
ñ;0.01282051282051282
pass;0.01282051282051282
choice;0.01282051282051282
dissipation;0.01282051282051282
registration;0.01282051282051282
sram;0.01282051282051282
write;0.01282051282051282
cl;0.01282051282051282
point;0.01282051282051282
shifter;0.01282051282051282
six;0.01282051282051282
deﬁned;0.01282051282051282
limitations;0.01282051282051282
representing;0.01282051282051282
together;0.01282051282051282
algebraic;0.01282051282051282
hold;0.01282051282051282
edge;0.01282051282051282
propagation;0.01282051282051282
width;0.01282051282051282
potential;0.01282051282051282
event;0.01282051282051282
retriggerable;0.01282051282051282
actual;0.01282051282051282
crystal;0.01282051282051282
schematic;0.01282051282051282
displaying;0.01282051282051282
changing;0.01282051282051282
multistage;0.01282051282051282
altera;0.01282051282051282
library;0.01282051282051282
ring;0.01282051282051282
ac;0.01282051282051282
ahct;0.01282051282051282
sensitivity;0.01282051282051282
probe;0.01282051282051282
security;0.01282051282051282
projects;0.01282051282051282
top;0.01282051282051282
hierarchical;0.01282051282051282
combining;0.01282051282051282
ramp;0.01282051282051282
tc;0.01282051282051282
filtering;0.01282051282051282
phase;0.01282051282051282
incomplete;0.01282051282051282
tree;0.01282051282051282
modeling;0.01282051282051282
laboratory;0.01282051282051282
accumulator;0.01282051282051282
trademark;0.01282051282051282
legal;0.01282051282051282
game;0.01282051282051282
forward;0.01282051282051282
checksum;0.01282051282051282
axioms;0.01282051282051282
practices;0.01282051282051282
additional;0.01282051282051282
history;0.01282051282051282
luts;0.01282051282051282
larger;0.01282051282051282
comparing;0.01282051282051282
bar;0.01282051282051282
asm;0.01282051282051282
lock;0.01282051282051282
synchronizer;0.01282051282051282
noninverting;0.01282051282051282
ground;0.01282051282051282
pull;0.01282051282051282
numbering;0.01282051282051282
inversion;0.01282051282051282
jk;0.01282051282051282
pla;0.01282051282051282
xxi;0.01282051282051282
analogue;0.01282051282051282
add;0.01282051282051282
handling;0.01282051282051282
contentscontents;0.01282051282051282
inside;0.01282051282051282
clear;0.01282051282051282
ad;0.01282051282051282
risc;0.01282051282051282
pro;0.01282051282051282
iii;0.01282051282051282
communication;0.01282051282051282
keyboard;0.01282051282051282
transceiver;0.01282051282051282
central;0.01282051282051282
xx;0.01282051282051282
minimum;0.01282051282051282
essential;0.01282051282051282
simulator;0.01282051282051282
appendices;0.01282051282051282
comments;0.01282051282051282
classes;0.01282051282051282
objects;0.01282051282051282
placement;0.01282051282051282
electron;0.01282051282051282
metal;0.01282051282051282
band;0.01282051282051282
carrier;0.01282051282051282
diffusion;0.01282051282051282
capacitance;0.01282051282051282
bridge;0.01282051282051282
inductor;0.01282051282051282
shunt;0.01282051282051282
clipper;0.01282051282051282
bjt;0.01282051282051282
ce;0.01282051282051282
cc;0.01282051282051282
jfet;0.01282051282051282
channel;0.01282051282051282
instrumentation;0.01282051282051282
square;0.01282051282051282
cro;0.01282051282051282
parameterization;0.01282051282051282
defined;0.01282051282051282
multifunction;0.01282051282051282
registry;0.01282051282051282
run;0.01282051282051282
correct;0.01282051282051282
shown;0.01282051282051282
entrance;0.01282051282051282
nbit;0.01282051282051282
factor;0.01282051282051282
se;0.01282051282051282
con;0.01282051282051282
verter;0.01282051282051282
compatible;0.01282051282051282
erilog;0.01282051282051282
foundations;0.01282051282051282
entries;0.01282051282051282
multilevel;0.01282051282051282
logging;0.01282051282051282
modular;0.01282051282051282
inhibition;0.01282051282051282
selector;0.01282051282051282
matrix;0.01282051282051282
switched;0.01282051282051282
discovery;0.01282051282051282
stimulus;0.01282051282051282
ise;0.01282051282051282
equential;0.01282051282051282
text;0.01282051282051282
tf;0.01282051282051282
loadable;0.01282051282051282
operand;0.01282051282051282
ca;0.01282051282051282
gd;0.01282051282051282
na;0.01282051282051282
fc;0.01282051282051282
fir;0.01282051282051282
nine;0.01282051282051282
net;0.01282051282051282
task;0.01282051282051282
dependency notation;0.01282051282051282
optical storage;0.01282051282051282
algebraic simplification;0.01282051282051282
looping groups;0.01282051282051282
related devices;0.01282051282051282