sequential;1.0;0.4713375796178344
combinational;0.9047619047619048;0.4713375796178344
boolean;0.8571428571428571;0.4713375796178344
memory;0.6904761904761905;0.46496815286624205
logical;0.47619047619047616;0.1464968152866242
integratedcircuit;0.4523809523809524;0.1592356687898089
vhdl;0.4523809523809524;0.35668789808917195
electrical;0.42857142857142855;0.03184713375796178
component;0.42857142857142855;0.050955414012738856
statemachine;0.38095238095238093;0.2611464968152866
microcontroller;0.35714285714285715;0.22929936305732485
logicgate;0.35714285714285715;0.9363057324840764
counter;0.3333333333333333;0.7515923566878981
adder;0.30952380952380953;0.20382165605095542
architectures;0.2857142857142857;0
numbering;0.2619047619047619;0.012738853503184714
binary;0.2619047619047619;1.0
arithmetic;0.2619047619047619;0.22929936305732485
register;0.2619047619047619;0.29936305732484075
cpu;0.2619047619047619;0.1464968152866242
area;0.2619047619047619;0
weeks;0.2619047619047619;0
develop;0.23809523809523808;0
fpga;0.23809523809523808;0.2229299363057325
ability;0.23809523809523808;0
control;0.21428571428571427;0.16560509554140126
training;0.21428571428571427;0
complement;0.21428571428571427;0.3248407643312102
partial;0.21428571428571427;0.01910828025477707
medium;0.21428571428571427;0
articulated;0.21428571428571427;0
propaedeutic cycles;0.21428571428571427;0
provide;0.19047619047619047;0.012738853503184714
technologies;0.19047619047619047;0.03184713375796178
logiclogicgate;0.19047619047619047;0.3248407643312102
subtractor;0.19047619047619047;0.09554140127388536
rom;0.19047619047619047;0.19745222929936307
cpld;0.19047619047619047;0.07006369426751592
psoc;0.19047619047619047;0
within;0.19047619047619047;0
semester;0.19047619047619047;0
systematization;0.19047619047619047;0
franc isco;0.19047619047619047;0
voltage electrical;0.19047619047619047;0
moderately structured;0.19047619047619047;0
competencies;0.16666666666666666;0
theorems;0.16666666666666666;0.14012738853503184
base;0.16666666666666666;0.11464968152866242
addition;0.16666666666666666;0.2611464968152866
flipflop;0.16666666666666666;0.5477707006369427
synchronous;0.16666666666666666;0.07643312101910828
professional;0.16666666666666666;0
introduce;0.16666666666666666;0
real;0.16666666666666666;0
propositive;0.16666666666666666;0
will;0.16666666666666666;0
iii;0.16666666666666666;0.01910828025477707
finite statemachine;0.16666666666666666;0.07006369426751592
abstraction;0.14285714285714285;0
address;0.14285714285714285;0.01910828025477707
abilities;0.14285714285714285;0
name;0.14285714285714285;0.012738853503184714
fundamental;0.14285714285714285;0
structural;0.14285714285714285;0.07006369426751592
implement;0.14285714285714285;0.01910828025477707
bcd;0.14285714285714285;0.36942675159235666
carry;0.14285714285714285;0.044585987261146494
dynamic;0.14285714285714285;0.10191082802547771
simplification;0.14285714285714285;0.1337579617834395
alu;0.14285714285714285;0.11464968152866242
final;0.14285714285714285;0
ehp;0.14285714285714285;0
signal;0.14285714285714285;0.2802547770700637
proposal;0.14285714285714285;0
engineer;0.14285714285714285;0
pld;0.14285714285714285;0.03821656050955414
ed;0.14285714285714285;0.025477707006369428
competence;0.14285714285714285;0
interpretive argumentative;0.14285714285714285;0
propedeutic cycles;0.14285714285714285;0
cycles programmatic;0.14285714285714285;0
reform applied;0.14285714285714285;0
mandatory;0.11904761904761904;0
others;0.11904761904761904;0
complete;0.11904761904761904;0.044585987261146494
justification;0.11904761904761904;0
plan;0.11904761904761904;0
distribution;0.11904761904761904;0
outcomes;0.11904761904761904;0
identify;0.11904761904761904;0
account;0.11904761904761904;0
solutions;0.11904761904761904;0.08917197452229299
octal;0.11904761904761904;0.1910828025477707
hexadecimal;0.11904761904761904;0.16560509554140126
conversion;0.11904761904761904;0.40764331210191085
canonical;0.11904761904761904;0.044585987261146494
sum;0.11904761904761904;0.12101910828025478
integration;0.11904761904761904;0
ttl;0.11904761904761904;0.19745222929936307
nand;0.11904761904761904;0.2484076433121019
thematic;0.11904761904761904;0
activities;0.11904761904761904;0
carried;0.11904761904761904;0
discrete;0.11904761904761904;0
aspects;0.11904761904761904;0.012738853503184714
developed;0.11904761904761904;0
capabilities;0.11904761904761904;0
acquire;0.11904761904761904;0
students;0.11904761904761904;0
make;0.11904761904761904;0
capacity;0.11904761904761904;0.05732484076433121
htd htc;0.11904761904761904;0
htc hta;0.11904761904761904;0
encoders decoders;0.11904761904761904;0
decoders multiplexer;0.11904761904761904;0
multiplexer demultiplexer;0.11904761904761904;0.044585987261146494
shift register;0.11904761904761904;0.28662420382165604
syllabus;0.09523809523809523;0
conception;0.09523809523809523;0
modern;0.09523809523809523;0
necessary;0.09523809523809523;0
vision;0.09523809523809523;0
give;0.09523809523809523;0
dsp;0.09523809523809523;0.012738853503184714
cognitive;0.09523809523809523;0
master;0.09523809523809523;0
axioms;0.09523809523809523;0.01910828025477707
taking;0.09523809523809523;0
decimal;0.09523809523809523;0.22929936305732485
gray;0.09523809523809523;0.1337579617834395
integers;0.09523809523809523;0
subtraction;0.09523809523809523;0.22929936305732485
fan;0.09523809523809523;0.03184713375796178
outputs;0.09523809523809523;0
encoders;0.09523809523809523;0
integrated;0.09523809523809523;0.050955414012738856
classification;0.09523809523809523;0.025477707006369428
mealy;0.09523809523809523;0.05732484076433121
moore;0.09523809523809523;0.07006369426751592
ee;0.09523809523809523;0
environment;0.09523809523809523;0
making;0.09523809523809523;0
distrital;0.09523809523809523;0
pedagogical;0.09523809523809523;0
teachers;0.09523809523809523;0
every;0.09523809523809523;0
communication;0.09523809523809523;0.012738853503184714
developing;0.09523809523809523;0
teamwork;0.09523809523809523;0
class;0.09523809523809523;0
interpretive;0.09523809523809523;0
contextual;0.09523809523809523;0
applying;0.09523809523809523;0
strong;0.09523809523809523;0
reconfigurable;0.09523809523809523;0
serial;0.09523809523809523;0.19745222929936307
methodology;0.09523809523809523;0.03821656050955414
msl;0.09523809523809523;0
automation;0.09523809523809523;0
asynchronous;0.09523809523809523;0.12738853503184713
storage;0.09523809523809523;0.09554140127388536
country;0.09523809523809523;0
theme;0.09523809523809523;0
operators;0.09523809523809523;0
ram;0.09523809523809523;0.08280254777070063
current;0.09523809523809523;0.12101910828025478
way;0.09523809523809523;0
combinatorial;0.09523809523809523;0
multiplier;0.09523809523809523;0.07006369426751592
cognitive understanding;0.09523809523809523;0
understanding cognitive;0.09523809523809523;0
create cognitive;0.09523809523809523;0
full adder;0.09523809523809523;0.11464968152866242
magnitude comparators;0.09523809523809523;0
half scale;0.09523809523809523;0
session hsp;0.09523809523809523;0
hsp hsa;0.09523809523809523;0
hsa ths;0.09523809523809523;0
ths guidelines;0.09523809523809523;0
incorporation;0.07142857142857142;0
due;0.07142857142857142;0.07006369426751592
advance;0.07142857142857142;0
interpretation;0.07142857142857142;0
various;0.07142857142857142;0
applicable;0.07142857142857142;0
iv;0.07142857142857142;0.03184713375796178
identification;0.07142857142857142;0
prior;0.07142857142857142;0
modality;0.07142857142857142;0
offer;0.07142857142857142;0
character;0.07142857142857142;0.01910828025477707
differentiate;0.07142857142857142;0
coding;0.07142857142857142;0.050955414012738856
numerical;0.07142857142857142;0.10191082802547771
magnitude;0.07142857142857142;0.03821656050955414
sign;0.07142857142857142;0.03821656050955414
fixed;0.07142857142857142;0.03184713375796178
floatingpoint;0.07142857142857142;0.044585987261146494
correction;0.07142857142857142;0.03184713375796178
hamming;0.07142857142857142;0.03184713375796178
xor;0.07142857142857142;0.12101910828025478
simplified;0.07142857142857142;0.025477707006369428
realization;0.07142857142857142;0.03821656050955414
propagation;0.07142857142857142;0
times;0.07142857142857142;0.03821656050955414
connections;0.07142857142857142;0
buffer;0.07142857142857142;0.08917197452229299
maps;0.07142857142857142;0
today;0.07142857142857142;0
products;0.07142857142857142;0.050955414012738856
sources;0.07142857142857142;0
generators;0.07142857142857142;0.01910828025477707
display;0.07142857142857142;0.03821656050955414
evaluated;0.07142857142857142;0
stephen;0.07142857142857142;0
speed;0.07142857142857142;0
interpret;0.07142857142857142;0
appropriate;0.07142857142857142;0
spaces;0.07142857142857142;0
consultations;0.07142857142857142;0
indicators;0.07142857142857142;0
argumentative;0.07142857142857142;0
solving;0.07142857142857142;0
concurrent;0.07142857142857142;0.09554140127388536
top;0.07142857142857142;0
telecommunications;0.07142857142857142;0
explore;0.07142857142857142;0
global;0.07142857142857142;0
market;0.07142857142857142;0
analyzing;0.07142857142857142;0
production;0.07142857142857142;0
analog;0.07142857142857142;0.17834394904458598
cmos;0.07142857142857142;0.31210191082802546
comparator;0.07142857142857142;0.12101910828025478
converter;0.07142857142857142;0.4267515923566879
procedure;0.07142857142857142;0.05732484076433121
evaluate;0.07142857142857142;0
report;0.07142857142857142;0
article;0.07142857142857142;0
schedule;0.07142857142857142;0
social;0.07142857142857142;0
solve;0.07142857142857142;0
manage;0.07142857142857142;0
subsystem;0.07142857142857142;0
rules;0.07142857142857142;0.044585987261146494
establish;0.07142857142857142;0
main;0.07142857142857142;0
thinking;0.07142857142857142;0
place;0.07142857142857142;0
competency;0.07142857142857142;0
abel;0.07142857142857142;0
optimization;0.07142857142857142;0
aa fr;0.07142857142857142;0
fr version;0.07142857142857142;0
mandatory basicx;0.07142857142857142;0
basicx elective;0.07142857142857142;0
elective intrinsicelective;0.07142857142857142;0
intrinsicelective extrinsic;0.07142857142857142;0
person xin;0.07142857142857142;0
xin person;0.07142857142857142;0
ticvirtual others;0.07142857142857142;0
macroprocess strategic;0.07142857142857142;0
strategic direction;0.07142857142857142;0
working hours;0.07142857142857142;0
hours nature;0.07142857142857142;0
purposes pfa;0.07142857142857142;0
centered self;0.07142857142857142;0
self directed;0.07142857142857142;0
directed active;0.07142857142857142;0
error detection;0.07142857142857142;0.025477707006369428
truth tables;0.07142857142857142;0.03821656050955414
final projectproject;0.07142857142857142;0
outcomes associated;0.07142857142857142;0
successfully confront;0.07142857142857142;0
confront weak;0.07142857142857142;0
end users;0.07142857142857142;0
productive forces;0.07142857142857142;0
person;0.047619047619047616;0
largely;0.047619047619047616;0
among;0.047619047619047616;0
highlight;0.047619047619047616;0
raw;0.047619047619047616;0
majority;0.047619047619047616;0
foundation;0.047619047619047616;0
controllers;0.047619047619047616;0
seen;0.047619047619047616;0
options;0.047619047619047616;0
computing;0.047619047619047616;0
familiarize;0.047619047619047616;0
finite;0.047619047619047616;0
show;0.047619047619047616;0
usediii;0.047619047619047616;0
analogue;0.047619047619047616;0.03184713375796178
domain;0.047619047619047616;0
analyzeunderstand;0.047619047619047616;0
numeration;0.047619047619047616;0
algebra;0.047619047619047616;0.025477707006369428
tool;0.047619047619047616;0
simplify;0.047619047619047616;0
xtraditional;0.047619047619047616;0
basedvii;0.047619047619047616;0
active;0.047619047619047616;0.08917197452229299
learningdesign;0.047619047619047616;0
count;0.047619047619047616;0
abstractioncognitive;0.047619047619047616;0
createdesign;0.047619047619047616;0
alphanumeric;0.047619047619047616;0.03184713375796178
weighted;0.047619047619047616;0.012738853503184714
unweighted;0.047619047619047616;0
explanation;0.047619047619047616;0
delays;0.047619047619047616;0
wiring;0.047619047619047616;0
states;0.047619047619047616;0.08280254777070063
mos;0.047619047619047616;0.025477707006369428
karnaugth;0.047619047619047616;0
half;0.047619047619047616;0.07006369426751592
semisubtractor;0.047619047619047616;0
sr;0.047619047619047616;0.06369426751592357
slave;0.047619047619047616;0
automata;0.047619047619047616;0
pwm;0.047619047619047616;0
cepld;0.047619047619047616;0
vi;0.047619047619047616;0.03184713375796178
collaborativedeliverable;0.047619047619047616;0
workshopsreports;0.047619047619047616;0
finallaboratory;0.047619047619047616;0
wwwcypresscom;0.047619047619047616;0
creator;0.047619047619047616;0
ide;0.047619047619047616;0
bibliographylearning;0.047619047619047616;0
assessments;0.047619047619047616;0
equipped;0.047619047619047616;0
multisim;0.047619047619047616;0
restors;0.047619047619047616;0
static;0.047619047619047616;0.08280254777070063
gill;0.047619047619047616;0
voltage;0.047619047619047616;0.14012738853503184
designer;0.047619047619047616;0
learn;0.047619047619047616;0
operational;0.047619047619047616;0.025477707006369428
help;0.047619047619047616;0
eda;0.047619047619047616;0.012738853503184714
required;0.047619047619047616;0.012738853503184714
started;0.047619047619047616;0
technologist;0.047619047619047616;0
sector;0.047619047619047616;0
career;0.047619047619047616;0
detailed;0.047619047619047616;0
profile;0.047619047619047616;0
transition;0.047619047619047616;0.050955414012738856
fused;0.047619047619047616;0
defining;0.047619047619047616;0
collecting;0.047619047619047616;0
evaluating;0.047619047619047616;0
efficient;0.047619047619047616;0
world;0.047619047619047616;0
considered;0.047619047619047616;0
supporting;0.047619047619047616;0
throughout;0.047619047619047616;0
weekly;0.047619047619047616;0
direct;0.047619047619047616;0.03821656050955414
diagnosis;0.047619047619047616;0
extractase;0.047619047619047616;0
strengthening;0.047619047619047616;0
applied;0.047619047619047616;0.012738853503184714
total;0.047619047619047616;0
suitability;0.047619047619047616;0
understands;0.047619047619047616;0
differences;0.047619047619047616;0
manipulate;0.047619047619047616;0
potential;0.047619047619047616;0
programmatic;0.047619047619047616;0
vs;0.047619047619047616;0.044585987261146494
signed;0.047619047619047616;0.10828025477707007
minterms;0.047619047619047616;0
maxterms;0.047619047619047616;0
karnaughs;0.047619047619047616;0
discreet;0.047619047619047616;0
segment;0.047619047619047616;0
schematic;0.047619047619047616;0
pal;0.047619047619047616;0.05732484076433121
methodologies;0.047619047619047616;0
mod;0.047619047619047616;0
user;0.047619047619047616;0.03184713375796178
conditional;0.047619047619047616;0.05732484076433121
selection;0.047619047619047616;0.03821656050955414
loop;0.047619047619047616;0.08917197452229299
entities;0.047619047619047616;0
bit;0.047619047619047616;0.5414012738853503
accountants;0.047619047619047616;0
quices;0.047619047619047616;0
rd;0.047619047619047616;0
thomas;0.047619047619047616;0
second;0.047619047619047616;0
wake;0.047619047619047616;0
package;0.047619047619047616;0.08280254777070063
last;0.047619047619047616;0
understood;0.047619047619047616;0
men;0.047619047619047616;0
reason;0.047619047619047616;0
complemented;0.047619047619047616;0
projects;0.047619047619047616;0
community;0.047619047619047616;0
presents;0.047619047619047616;0
wide;0.047619047619047616;0
respective;0.047619047619047616;0
advanced;0.047619047619047616;0.03821656050955414
word;0.047619047619047616;0.025477707006369428
industry;0.047619047619047616;0
computers;0.047619047619047616;0
parity;0.047619047619047616;0.1464968152866242
io;0.047619047619047616;0
latches;0.047619047619047616;0.11464968152866242
transmission;0.047619047619047616;0.05732484076433121
reading;0.047619047619047616;0
instructions;0.047619047619047616;0.07643312101910828
assembly;0.047619047619047616;0
agreed;0.047619047619047616;0
established;0.047619047619047616;0
transversal;0.047619047619047616;0
allow;0.047619047619047616;0
communicative;0.047619047619047616;0
adequate;0.047619047619047616;0
family;0.047619047619047616;0.07643312101910828
positional;0.047619047619047616;0.025477707006369428
unsigned;0.047619047619047616;0.08280254777070063
fractional;0.047619047619047616;0
propositions;0.047619047619047616;0
elementary;0.047619047619047616;0
existing;0.047619047619047616;0
msf;0.047619047619047616;0
asf;0.047619047619047616;0
mathematical;0.047619047619047616;0
bus;0.047619047619047616;0.05732484076433121
recent years;0.047619047619047616;0
home business;0.047619047619047616;0
asic additionally;0.047619047619047616;0
introduced along;0.047619047619047616;0
industrial instrumentation;0.047619047619047616;0
ascii ebcdic;0.047619047619047616;0
multiplication division;0.047619047619047616;0
division overflow;0.047619047619047616;0
overflow flags;0.047619047619047616;0
sheets power;0.047619047619047616;0
power dissipation;0.047619047619047616;0
totem pole;0.047619047619047616;0
open collector;0.047619047619047616;0.01910828025477707
jk preset;0.047619047619047616;0
micro processed;0.047619047619047616;0
minutes abbreviation;0.047619047619047616;0
ebp eop;0.047619047619047616;0
ef edweb;0.047619047619047616;0
oscilloscopes multimeters;0.047619047619047616;0
connectors matlab;0.047619047619047616;0
visualization pwmnote;0.047619047619047616;0
operative manipulation;0.047619047619047616;0
generics constants;0.047619047619047616;0
flip flops;0.047619047619047616;0
self;0.023809523809523808;0
working;0.023809523809523808;0
hours;0.023809523809523808;0
truth;0.023809523809523808;0.03821656050955414
tables;0.023809523809523808;0.10191082802547771
multiplexer;0.023809523809523808;0.3057324840764331
demultiplexer;0.023809523809523808;0.07643312101910828
shift;0.023809523809523808;0.03821656050955414
electric;0.023809523809523808;0
tension;0.023809523809523808;0
limitation;0.023809523809523808;0
lies;0.023809523809523808;0
imagination;0.023809523809523808;0
electromedicine;0.023809523809523808;0
image;0.023809523809523808;0
energy;0.023809523809523808;0
modeling;0.023809523809523808;0.03821656050955414
able;0.023809523809523808;0
compete;0.023809523809523808;0
successfully;0.023809523809523808;0
labor;0.023809523809523808;0
icrocontroller;0.023809523809523808;0
simulate;0.023809523809523808;0
synthesize;0.023809523809523808;0
cad;0.023809523809523808;0
pre;0.023809523809523808;0
requires;0.023809523809523808;0
semiconductors;0.023809523809523808;0.03184713375796178
desirable;0.023809523809523808;0
essential;0.023809523809523808;0.01910828025477707
requirement;0.023809523809523808;0
personal;0.023809523809523808;0
electricity;0.023809523809523808;0.012738853503184714
everyone;0.023809523809523808;0
possess;0.023809523809523808;0
exemplification;0.023809523809523808;0
completion;0.023809523809523808;0
reinforcement;0.023809523809523808;0
accompaniment;0.023809523809523808;0
cooperative;0.023809523809523808;0
always;0.023809523809523808;0.012738853503184714
follow;0.023809523809523808;0
laboratories;0.023809523809523808;0
autonomous;0.023809523809523808;0
previous;0.023809523809523808;0
extra;0.023809523809523808;0
reality;0.023809523809523808;0
structured;0.023809523809523808;0
lsi;0.023809523809523808;0
msi;0.023809523809523808;0.03184713375796178
argumentation;0.023809523809523808;0
advantages;0.023809523809523808;0
disadvantages;0.023809523809523808;0
argues;0.023809523809523808;0
importance;0.023809523809523808;0
meaning;0.023809523809523808;0
concurrency;0.023809523809523808;0
correctly;0.023809523809523808;0
skill;0.023809523809523808;0
purposeful;0.023809523809523808;0
productive;0.023809523809523808;0
quantities;0.023809523809523808;0
digits;0.023809523809523808;0
waveforms;0.023809523809523808;0
laws;0.023809523809523808;0.08280254777070063
demoorgan;0.023809523809523808;0
miscellaneous;0.023809523809523808;0
blood;0.023809523809523808;0
spld;0.023809523809523808;0
gal;0.023809523809523808;0.01910828025477707
pla;0.023809523809523808;0.044585987261146494
bottom;0.023809523809523808;0
behavioral;0.023809523809523808;0.025477707006369428
vhd;0.023809523809523808;0
elsim;0.023809523809523808;0
delayed;0.023809523809523808;0
restrictions;0.023809523809523808;0
routing;0.023809523809523808;0
verification;0.023809523809523808;0
testing;0.023809523809523808;0.01910828025477707
entity;0.023809523809523808;0.044585987261146494
special;0.023809523809523808;0.05732484076433121
symbols;0.023809523809523808;0.10191082802547771
reserved;0.023809523809523808;0
declarations;0.023809523809523808;0
algorithmic;0.023809523809523808;0
select;0.023809523809523808;0.01910828025477707
decoder;0.023809523809523808;0.43312101910828027
waiting;0.023809523809523808;0
wait;0.023809523809523808;0.01910828025477707
call;0.023809523809523808;0
reference;0.023809523809523808;0
link;0.023809523809523808;0
clock;0.023809523809523808;0.17834394904458598
prescaler;0.023809523809523808;0
read;0.023809523809523808;0.03184713375796178
stopwatch;0.023809523809523808;0
stepper;0.023809523809523808;0
motor;0.023809523809523808;0
researcher;0.023809523809523808;0
strategy;0.023809523809523808;0
st;0.023809523809523808;0
nd;0.023809523809523808;0
quizzes;0.023809523809523808;0
entire;0.023809523809523808;0
ieee;0.023809523809523808;0.07006369426751592
texts;0.023809523809523808;0
ninth;0.023809523809523808;0
pardo;0.023809523809523808;0
fernando;0.023809523809523808;0
boluda;0.023809523809523808;0
elation;0.023809523809523808;0
vranesic;0.023809523809523808;0
zvonko;0.023809523809523808;0
teres;0.023809523809523808;0
lluis;0.023809523809523808;0
torroja;0.023809523809523808;0
iago;0.023809523809523808;0
olcoz;0.023809523809523808;0
serafin;0.023809523809523808;0
villar;0.023809523809523808;0
eugenio;0.023809523809523808;0
rley;0.023809523809523808;0
rly;0.023809523809523808;0
mr;0.023809523809523808;0
professor;0.023809523809523808;0
great;0.023809523809523808;0
qualities;0.023809523809523808;0
human;0.023809523809523808;0
impeccable;0.023809523809523808;0
suitable;0.023809523809523808;0
assume;0.023809523809523808;0
accepting;0.023809523809523808;0
designation;0.023809523809523808;0
deposits;0.023809523809523808;0
confidence;0.023809523809523808;0
excellent;0.023809523809523808;0
mission;0.023809523809523808;0
relation;0.023809523809523808;0
forming;0.023809523809523808;0
comprehensive;0.023809523809523808;0
instilled;0.023809523809523808;0
without;0.023809523809523808;0.03821656050955414
ambitious;0.023809523809523808;0
instill;0.023809523809523808;0
socially;0.023809523809523808;0
responsible;0.023809523809523808;0
anthropology;0.023809523809523808;0
constructed;0.023809523809523808;0
rational;0.023809523809523808;0
intelligent;0.023809523809523808;0
conquest;0.023809523809523808;0
man;0.023809523809523808;0
ethical;0.023809523809523808;0
moral;0.023809523809523808;0
location;0.023809523809523808;0
cii;0.023809523809523808;0
specify;0.023809523809523808;0
days;0.023809523809523808;0
mail;0.023809523809523808;0
email;0.023809523809523808;0
plp;0.023809523809523808;0
offering;0.023809523809523808;0
epistemological;0.023809523809523808;0
generation;0.023809523809523808;0.03821656050955414
service;0.023809523809523808;0
progress;0.023809523809523808;0
facets;0.023809523809523808;0
cultural;0.023809523809523808;0
change;0.023809523809523808;0
sought;0.023809523809523808;0
highlighting;0.023809523809523808;0
reflecting;0.023809523809523808;0
re;0.023809523809523808;0
signifying;0.023809523809523808;0
equality;0.023809523809523808;0.03184713375796178
tolerance;0.023809523809523808;0
personality;0.023809523809523808;0
solidarity;0.023809523809523808;0
morality;0.023809523809523808;0
double;0.023809523809523808;0
ethics;0.023809523809523808;0
industriousness;0.023809523809523808;0
humility;0.023809523809523808;0
servility;0.023809523809523808;0
perseverance;0.023809523809523808;0
iyou;0.023809523809523808;0
representative;0.023809523809523808;0
integrate;0.023809523809523808;0
mechanisms;0.023809523809523808;0
range;0.023809523809523808;0.01910828025477707
specifically;0.023809523809523808;0
quartus;0.023809523809523808;0
altium;0.023809523809523808;0
designery;0.023809523809523808;0
isis;0.023809523809523808;0
proteus;0.023809523809523808;0
basis;0.023809523809523808;0
corresponding;0.023809523809523808;0.07006369426751592
supported;0.023809523809523808;0
starting;0.023809523809523808;0
notations;0.023809523809523808;0
reaching;0.023809523809523808;0
focus;0.023809523809523808;0
oriented;0.023809523809523808;0
motivating;0.023809523809523808;0
carrying;0.023809523809523808;0
becomes;0.023809523809523808;0
familiar;0.023809523809523808;0
major;0.023809523809523808;0
complexity;0.023809523809523808;0
faces;0.023809523809523808;0
particular;0.023809523809523808;0
projection;0.023809523809523808;0
video;0.023809523809523808;0
beam;0.023809523809523808;0
ict;0.023809523809523808;0
academics;0.023809523809523808;0
designs;0.023809523809523808;0.03821656050955414
properly;0.023809523809523808;0
identifiers;0.023809523809523808;0
phases;0.023809523809523808;0
quine;0.023809523809523808;0
algorithm;0.023809523809523808;0.07006369426751592
mccluskeyn;0.023809523809523808;0
lines;0.023809523809523808;0
computational;0.023809523809523808;0
cupl;0.023809523809523808;0
metastable;0.023809523809523808;0.012738853503184714
debounce;0.023809523809523808;0
switch;0.023809523809523808;0.012738853503184714
inverters;0.023809523809523808;0
ring;0.023809523809523808;0
watches;0.023809523809523808;0
detector;0.023809523809523808;0.09554140127388536
photoelectric;0.023809523809523808;0
solo;0.023809523809523808;0
commercial;0.023809523809523808;0
configuration;0.023809523809523808;0.01910828025477707
ports;0.023809523809523808;0
haskell;0.023809523809523808;0
richard;0.023809523809523808;0
lbe;0.023809523809523808;0
books;0.023809523809523808;0
wakerley;0.023809523809523808;0
balch;0.023809523809523808;0
mark;0.023809523809523808;0
accordance;0.023809523809523808;0
statute;0.023809523809523808;0
agreement;0.023809523809523808;0
issued;0.023809523809523808;0
higher;0.023809523809523808;0.025477707006369428
literal;0.023809523809523808;0
presenting;0.023809523809523808;0
methodological;0.023809523809523808;0
presented;0.023809523809523808;0
upon;0.023809523809523808;0
reflected;0.023809523809523808;0
guiding;0.023809523809523808;0
certain;0.023809523809523808;0
amount;0.023809523809523808;0
worked;0.023809523809523808;0
homogeneous;0.023809523809523808;0
composed;0.023809523809523808;0
six;0.023809523809523808;0.012738853503184714
grades;0.023809523809523808;0
discriminated;0.023809523809523808;0
labs;0.023809523809523808;0
delivery;0.023809523809523808;0
according;0.023809523809523808;0.025477707006369428
coexistence;0.023809523809523808;0
expected;0.023809523809523808;0
attend;0.023809523809523808;0
punctually;0.023809523809523808;0
respectfully;0.023809523809523808;0
seriousness;0.023809523809523808;0
proposed;0.023809523809523808;0
assignments;0.023809523809523808;0.01910828025477707
avoiding;0.023809523809523808;0
propedeutical;0.023809523809523808;0
intensity;0.023809523809523808;0
ci;0.023809523809523808;0.07006369426751592
explain;0.023809523809523808;0
interaction;0.023809523809523808;0
knowing;0.023809523809523808;0
constituent;0.023809523809523808;0
designing;0.023809523809523808;0.03184713375796178
critical;0.023809523809523808;0
analytical;0.023809523809523808;0
impulse;0.023809523809523808;0
spatial;0.023809523809523808;0
creativity;0.023809523809523808;0
valuation;0.023809523809523808;0
diagrams;0.023809523809523808;0.025477707006369428
express;0.023809523809523808;0
verbal;0.023809523809523808;0
helping;0.023809523809523808;0
formalize;0.023809523809523808;0
tasks;0.023809523809523808;0
inherent;0.023809523809523808;0
job;0.023809523809523808;0
value;0.023809523809523808;0
involved;0.023809523809523808;0
moment;0.023809523809523808;0
locate;0.023809523809523808;0
spectrum;0.023809523809523808;0
role;0.023809523809523808;0
potentialities;0.023809523809523808;0
families;0.023809523809523808;0.11464968152866242
interfaces;0.023809523809523808;0
handle;0.023809523809523808;0
propose;0.023809523809523808;0
new;0.023809523809523808;0
ones;0.023809523809523808;0.03184713375796178
equivalent;0.023809523809523808;0.08280254777070063
conditioned;0.023809523809523808;0
strongly;0.023809523809523808;0
temporal;0.023809523809523808;0
mix;0.023809523809523808;0
decoding;0.023809523809523808;0.044585987261146494
activity;0.023809523809523808;0
subcircuit;0.023809523809523808;0
intertwined;0.023809523809523808;0
conceptually;0.023809523809523808;0
linking;0.023809523809523808;0
vonnewman;0.023809523809523808;0
tmscx;0.023809523809523808;0
microprogramming;0.023809523809523808;0
mobility;0.023809523809523808;0
fab;0.023809523809523808;0
chair;0.023809523809523808;0
mastery;0.023809523809523808;0
applycompetencies;0.023809523809523808;0
results;0.023809523809523808;0
hardwaresimplify;0.023809523809523808;0
propositional;0.023809523809523808;0
lawsunderstand;0.023809523809523808;0
algebraically;0.023809523809523808;0
really;0.023809523809523808;0
optimizes;0.023809523809523808;0
simplifying;0.023809523809523808;0
themcognitive;0.023809523809523808;0
works;0.023809523809523808;0
relationship;0.023809523809523808;0
natural;0.023809523809523808;0
connectives;0.023809523809523808;0
connectivesi;0.023809523809523808;0
small;0.023809523809523808;0
large;0.023809523809523808;0
efficiency;0.023809523809523808;0
computation;0.023809523809523808;0.03821656050955414
transfer;0.023809523809523808;0.050955414012738856
deliverable;0.023809523809523808;0
finalexhibitions;0.023809523809523808;0
racognitive;0.023809523809523808;0
repertoires;0.023809523809523808;0
cpucognitive;0.023809523809523808;0
compare;0.023809523809523808;0
hierarchy;0.023809523809523808;0.01910828025477707
machine;0.023809523809523808;0.05732484076433121
rastudent;0.023809523809523808;0
evaluations;0.023809523809523808;0
traditional;0.023809523809523808;0
baseddescribe;0.023809523809523808;0
units;0.023809523809523808;0.01910828025477707
systemdigital;0.023809523809523808;0
postulates;0.023809523809523808;0.025477707006369428
equations;0.023809523809523808;0.03821656050955414
compounds;0.023809523809523808;0
universality;0.023809523809523808;0
latch;0.023809523809523808;0.1464968152866242
tristate;0.023809523809523808;0.025477707006369428
addressing;0.023809523809523808;0.050955414012738856
modes;0.023809523809523808;0.03821656050955414
parallelism;0.023809523809523808;0
contentx;0.023809523809523808;0
blackboard;0.023809523809523808;0
approach;0.023809523809523808;0
intel;0.023809523809523808;0
risc;0.023809523809523808;0.01910828025477707
technical;0.023809523809523808;0
test bench;0;0.4968152866242038
verilog;0;0.43312101910828027
output;0;0.25477707006369427
transistor;0;0.2229299363057325
encoder;0;0.2229299363057325
karnaugh;0;0.20382165605095542
parallel;0;0.1910828025477707
simulación;0;0.18471337579617833
power;0;0.17834394904458598
timing;0;0.17834394904458598
amplifier;0;0.17834394904458598
map;0;0.1592356687898089
diseño;0;0.15286624203821655
lesson;0;0.15286624203821655
multiplication;0;0.1464968152866242
hdl;0;0.1464968152866242
ﬂip ﬂop;0;0.14012738853503184
circuitos;0;0.1337579617834395
serie;0;0.1337579617834395
minimization;0;0.12101910828025478
division;0;0.12101910828025478
multiple;0;0.12101910828025478
los;0;0.12101910828025478
parameter;0;0.11464968152866242
delay;0;0.11464968152866242
proquest ebook;0;0.11464968152866242
ebook central;0;0.11464968152866242
ebookcentralproquestcom lib;0;0.11464968152866242
detailaction docid;0;0.11464968152866242
docid created;0;0.11464968152866242
ic;0;0.10828025477707007
operator;0;0.10828025477707007
interfacing;0;0.10191082802547771
ecl;0;0.10191082802547771
nand logicgate;0;0.10191082802547771
hazards;0;0.09554140127388536
con;0;0.09554140127388536
decodificación;0;0.09554140127388536
synchronous counter;0;0.09554140127388536
priority encoder;0;0.09554140127388536
vázquez del;0;0.09554140127388536
del real;0;0.09554140127388536
real javier;0;0.09554140127388536
digitales ed;0;0.09554140127388536
w;0;0.08917197452229299
rtl;0;0.08917197452229299
switching;0;0.08917197452229299
module;0;0.08917197452229299
floating point;0;0.08917197452229299
inverter;0;0.08280254777070063
preface;0;0.08280254777070063
test;0;0.07643312101910828
excess;0;0.07643312101910828
enable;0;0.07643312101910828
divider;0;0.07643312101910828
dos;0;0.07643312101910828
lógica;0;0.07643312101910828
antirrebotes;0;0.07643312101910828
jk flipflop;0;0.07643312101910828
counter módulo;0;0.07643312101910828
flipflop conversion;0;0.07643312101910828
arrays;0;0.07006369426751592
point;0;0.07006369426751592
constant;0;0.07006369426751592
diode;0;0.07006369426751592
oscillator;0;0.07006369426751592
arduino;0;0.07006369426751592
counter synchronous;0;0.07006369426751592
adder subtractor;0;0.07006369426751592
xv;0;0.06369426751592357
effect;0;0.06369426751592357
representations;0;0.06369426751592357
multi;0;0.06369426751592357
negative;0;0.06369426751592357
file;0;0.06369426751592357
bias;0;0.06369426751592357
registro;0;0.06369426751592357
secuencia;0;0.06369426751592357
po;0;0.06369426751592357
parallel adder;0;0.06369426751592357
entradas activas;0;0.06369426751592357
síntesis mediante;0;0.06369426751592357
módulo con;0;0.06369426751592357
error;0;0.05732484076433121
pulse;0;0.05732484076433121
flash;0;0.05732484076433121
expansion;0;0.05732484076433121
comparison;0;0.05732484076433121
languages;0;0.05732484076433121
reduction;0;0.05732484076433121
versus;0;0.05732484076433121
frequency;0;0.05732484076433121
minterm;0;0.05732484076433121
junction;0;0.05732484076433121
filter;0;0.05732484076433121
path;0;0.05732484076433121
ga;0;0.05732484076433121
dtl;0;0.05732484076433121
del;0;0.05732484076433121
counteres;0;0.05732484076433121
microcontroladores;0;0.05732484076433121
gp;0;0.05732484076433121
modelling;0;0.05732484076433121
magnitude comparator;0;0.05732484076433121
sequence detector;0;0.05732484076433121
parity detector;0;0.05732484076433121
global constant;0;0.05732484076433121
nivel bajo;0;0.05732484076433121
codificación con;0;0.05732484076433121
con biestables;0;0.05732484076433121
biestable asíncrono;0;0.05732484076433121
bipolar;0;0.050955414012738856
blocks;0;0.050955414012738856
finding;0;0.050955414012738856
don;0;0.050955414012738856
procedural;0;0.050955414012738856
reset;0;0.050955414012738856
xiii;0;0.050955414012738856
compilation;0;0.050955414012738856
cengage;0;0.050955414012738856
duplicated;0;0.050955414012738856
party;0;0.050955414012738856
echapter;0;0.050955414012738856
deemed;0;0.050955414012738856
reserves;0;0.050955414012738856
programmed;0;0.050955414012738856
led;0;0.050955414012738856
describing;0;0.050955414012738856
figure;0;0.050955414012738856
transferencia;0;0.050955414012738856
característica;0;0.050955414012738856
síntesis;0;0.050955414012738856
paridad;0;0.050955414012738856
código;0;0.050955414012738856
paralelo;0;0.050955414012738856
entrada;0;0.050955414012738856
modelo;0;0.050955414012738856
su;0;0.050955414012738856
terminales;0;0.050955414012738856
advantage;0;0.050955414012738856
binary multiplier;0;0.050955414012738856
ripple counter;0;0.050955414012738856
seven segment;0;0.050955414012738856
half adder;0;0.050955414012738856
full subtractor;0;0.050955414012738856
register file;0;0.050955414012738856
copied scanned;0;0.050955414012738856
materially affect;0;0.050955414012738856
experience cengage;0;0.050955414012738856
subsequent rights;0;0.050955414012738856
rights restrictions;0;0.050955414012738856
restrictions require;0;0.050955414012738856
self check;0;0.050955414012738856
con entradas;0;0.050955414012738856
multiplexor síntesis;0;0.050955414012738856
sop;0;0.044585987261146494
implementing;0;0.044585987261146494
universal;0;0.044585987261146494
basics;0;0.044585987261146494
random;0;0.044585987261146494
considerations;0;0.044585987261146494
ix;0;0.044585987261146494
resistor;0;0.044585987261146494
driver;0;0.044585987261146494
rs;0;0.044585987261146494
non;0;0.044585987261146494
xvii;0;0.044585987261146494
priority;0;0.044585987261146494
chart;0;0.044585987261146494
ma;0;0.044585987261146494
duality;0;0.044585987261146494
larger;0;0.044585987261146494
cascading;0;0.044585987261146494
construction;0;0.044585987261146494
tri;0;0.044585987261146494
network;0;0.044585987261146494
sequence;0;0.044585987261146494
rt;0;0.044585987261146494
sentence;0;0.044585987261146494
converting;0;0.044585987261146494
lógico;0;0.044585987261146494
desplazamiento;0;0.044585987261146494
aplicaciones;0;0.044585987261146494
transmisión;0;0.044585987261146494
continuous;0;0.044585987261146494
coded decimal;0;0.044585987261146494
look ahead;0;0.044585987261146494
emitter coupled;0;0.044585987261146494
rs flipflop;0;0.044585987261146494
universal logicgate;0;0.044585987261146494
adder carry;0;0.044585987261146494
incompletely specified;0;0.044585987261146494
bit full;0;0.044585987261146494
op amp;0;0.044585987261146494
readings self;0;0.044585987261146494
puertas lógicas;0;0.044585987261146494
nivel alto;0;0.044585987261146494
los estados;0;0.044585987261146494
sr latch;0;0.044585987261146494
frequently asked;0;0.044585987261146494
waveform;0;0.03821656050955414
operating;0;0.03821656050955414
multivibrator;0;0.03821656050955414
nmos;0;0.03821656050955414
xiv;0;0.03821656050955414
xvi;0;0.03821656050955414
cell;0;0.03821656050955414
check;0;0.03821656050955414
single;0;0.03821656050955414
iterative;0;0.03821656050955414
differential;0;0.03821656050955414
dual;0;0.03821656050955414
ls;0;0.03821656050955414
ladder;0;0.03821656050955414
positive;0;0.03821656050955414
relevant;0;0.03821656050955414
maximum;0;0.03821656050955414
modulus;0;0.03821656050955414
adc;0;0.03821656050955414
pentium;0;0.03821656050955414
controller;0;0.03821656050955414
maxterm;0;0.03821656050955414
mosfet;0;0.03821656050955414
q;0;0.03821656050955414
distortion;0;0.03821656050955414
fet;0;0.03821656050955414
source;0;0.03821656050955414
vector;0;0.03821656050955414
deﬁnition;0;0.03821656050955414
mux;0;0.03821656050955414
calculates;0;0.03821656050955414
declaration;0;0.03821656050955414
parte;0;0.03821656050955414
puerta;0;0.03821656050955414
las;0;0.03821656050955414
anillo;0;0.03821656050955414
tres;0;0.03821656050955414
detección;0;0.03821656050955414
síncrono;0;0.03821656050955414
fuente;0;0.03821656050955414
odeling;0;0.03821656050955414
condition;0;0.03821656050955414
td;0;0.03821656050955414
tr;0;0.03821656050955414
binary coded;0;0.03821656050955414
troubleshooting applied;0;0.03821656050955414
schmitt trigger;0;0.03821656050955414
register transfer;0;0.03821656050955414
propagation delay;0;0.03821656050955414
test benches;0;0.03821656050955414
ring counter;0;0.03821656050955414
counter johnson;0;0.03821656050955414
flipflop excitation;0;0.03821656050955414
master slave;0;0.03821656050955414
memory read;0;0.03821656050955414
transistor transistor;0;0.03821656050955414
schottky ttl;0;0.03821656050955414
alu alu;0;0.03821656050955414
prime implicant;0;0.03821656050955414
vending machine;0;0.03821656050955414
test bank;0;0.03821656050955414
una puerta;0;0.03821656050955414
binario básico;0;0.03821656050955414
decodificación con;0;0.03821656050955414
con salidas;0;0.03821656050955414
salidas activas;0;0.03821656050955414
con puertas;0;0.03821656050955414
sumador completo;0;0.03821656050955414
generador seudoaleatorio;0;0.03821656050955414
biestables asíncronos;0;0.03821656050955414
circuitos fpga;0;0.03821656050955414
ecoe ediciones;0;0.03821656050955414
ediciones méxico;0;0.03821656050955414
square root;0;0.03821656050955414
timing check;0;0.03821656050955414
buses;0;0.03184713375796178
pmos;0;0.03184713375796178
xix;0;0.03184713375796178
radix;0;0.03184713375796178
ascii;0;0.03184713375796178
simpliﬁcation;0;0.03184713375796178
determination;0;0.03184713375796178
writing;0;0.03184713375796178
clocked;0;0.03184713375796178
style;0;0.03184713375796178
expanding;0;0.03184713375796178
encoding;0;0.03184713375796178
checking;0;0.03184713375796178
adding;0;0.03184713375796178
bistable;0;0.03184713375796178
xnor;0;0.03184713375796178
algebraic;0;0.03184713375796178
depending;0;0.03184713375796178
connection;0;0.03184713375796178
dac;0;0.03184713375796178
width;0;0.03184713375796178
preset;0;0.03184713375796178
nonlinearity;0;0.03184713375796178
gain;0;0.03184713375796178
generic;0;0.03184713375796178
evolution;0;0.03184713375796178
interrupt;0;0.03184713375796178
ebook;0;0.03184713375796178
alternative;0;0.03184713375796178
checker;0;0.03184713375796178
graph;0;0.03184713375796178
hot;0;0.03184713375796178
ﬂop;0;0.03184713375796178
load;0;0.03184713375796178
wave;0;0.03184713375796178
rectifier;0;0.03184713375796178
port;0;0.03184713375796178
sheikh;0;0.03184713375796178
dlogic;0;0.03184713375796178
es;0;0.03184713375796178
andkeypoints;0;0.03184713375796178
una;0;0.03184713375796178
cargabilidad;0;0.03184713375796178
riesgo;0;0.03184713375796178
generador;0;0.03184713375796178
multiplexor;0;0.03184713375796178
acarreo;0;0.03184713375796178
como;0;0.03184713375796178
para;0;0.03184713375796178
señal;0;0.03184713375796178
filtrado;0;0.03184713375796178
segundero;0;0.03184713375796178
sistema;0;0.03184713375796178
prototipado;0;0.03184713375796178
familia;0;0.03184713375796178
osciloscopio;0;0.03184713375796178
identificación;0;0.03184713375796178
primitives;0;0.03184713375796178
difference;0;0.03184713375796178
quine mccluskey;0;0.03184713375796178
ripple carry;0;0.03184713375796178
static ram;0;0.03184713375796178
tuesd ay;0;0.03184713375796178
ay march;0;0.03184713375796178
timing diagrams;0;0.03184713375796178
edge triggered;0;0.03184713375796178
segment display;0;0.03184713375796178
ram ram;0;0.03184713375796178
successive approximation;0;0.03184713375796178
adc adc;0;0.03184713375796178
multiple output;0;0.03184713375796178
carry look;0;0.03184713375796178
ahead adder;0;0.03184713375796178
energy band;0;0.03184713375796178
mod counter;0;0.03184713375796178
mealy machine;0;0.03184713375796178
entradas flotantes;0;0.03184713375796178
dos niveles;0;0.03184713375796178
números primos;0;0.03184713375796178
unidad aritmética;0;0.03184713375796178
estados espurios;0;0.03184713375796178
mediante registro;0;0.03184713375796178
comunicación serie;0;0.03184713375796178
verilog modeling;0;0.03184713375796178
care condition;0;0.03184713375796178
astable;0;0.025477707006369428
chip;0;0.025477707006369428
emitter;0;0.025477707006369428
external;0;0.025477707006369428
linear;0;0.025477707006369428
z;0;0.025477707006369428
dissipation;0;0.025477707006369428
principle;0;0.025477707006369428
passive;0;0.025477707006369428
expression;0;0.025477707006369428
experiments;0;0.025477707006369428
book;0;0.025477707006369428
arbitrary;0;0.025477707006369428
multiplying;0;0.025477707006369428
next;0;0.025477707006369428
metastability;0;0.025477707006369428
invert;0;0.025477707006369428
drain;0;0.025477707006369428
driving;0;0.025477707006369428
ten;0;0.025477707006369428
supply;0;0.025477707006369428
hex;0;0.025477707006369428
ebcdic;0;0.025477707006369428
repeated;0;0.025477707006369428
guidelines;0;0.025477707006369428
consensus;0;0.025477707006369428
controlled;0;0.025477707006369428
toggle;0;0.025477707006369428
slope;0;0.025477707006369428
xviii;0;0.025477707006369428
peripheral;0;0.025477707006369428
timer;0;0.025477707006369428
equivalence;0;0.025477707006369428
derivation;0;0.025477707006369428
redundant;0;0.025477707006369428
constructs;0;0.025477707006369428
virtual;0;0.025477707006369428
drift;0;0.025477707006369428
zener;0;0.025477707006369428
capacitor;0;0.025477707006369428
amplification;0;0.025477707006369428
hybrid;0;0.025477707006369428
morgan;0;0.025477707006369428
background;0;0.025477707006369428
generate;0;0.025477707006369428
string;0;0.025477707006369428
integer;0;0.025477707006369428
door;0;0.025477707006369428
numeral;0;0.025477707006369428
pspice;0;0.025477707006369428
función;0;0.025477707006369428
resistencia;0;0.025477707006369428
dispositivo;0;0.025477707006369428
basada;0;0.025477707006369428
bitcon;0;0.025477707006369428
secuencial;0;0.025477707006369428
generación;0;0.025477707006369428
reloj;0;0.025477707006369428
combinación;0;0.025477707006369428
carga;0;0.025477707006369428
frecuencia;0;0.025477707006369428
memoria;0;0.025477707006369428
analógico;0;0.025477707006369428
errores;0;0.025477707006369428
multiplexado;0;0.025477707006369428
microcontrolador;0;0.025477707006369428
al;0;0.025477707006369428
plataformas;0;0.025477707006369428
configurable;0;0.025477707006369428
spartan;0;0.025477707006369428
placa;0;0.025477707006369428
pines;0;0.025477707006369428
disadvantage;0;0.025477707006369428
kd;0;0.025477707006369428
ep;0;0.025477707006369428
accumulation;0;0.025477707006369428
feature;0;0.025477707006369428
astable multivibrator;0;0.025477707006369428
addressing modes;0;0.025477707006369428
integratedcircuit pedro;0;0.025477707006369428
pedro julian;0;0.025477707006369428
signed magnitude;0;0.025477707006369428
building blocks;0;0.025477707006369428
noise margin;0;0.025477707006369428
read write;0;0.025477707006369428
write memory;0;0.025477707006369428
monostable multivibrator;0;0.025477707006369428
dac dac;0;0.025477707006369428
amplifier class;0;0.025477707006369428
pass filter;0;0.025477707006369428
asynchronous reset;0;0.025477707006369428
decoder described;0;0.025477707006369428
moore machine;0;0.025477707006369428
decodificador binario;0;0.025477707006369428
fenómenos aleatorios;0;0.025477707006369428
prioridad codificación;0;0.025477707006369428
alto codificación;0;0.025477707006369428
síntesis alternativa;0;0.025477707006369428
alternativa mediante;0;0.025477707006369428
sumador binario;0;0.025477707006369428
módulo sumador;0;0.025477707006369428
diseñado con;0;0.025477707006369428
diseño según;0;0.025477707006369428
realimentación directa;0;0.025477707006369428
barrido multiplexado;0;0.025477707006369428
modeling floating;0;0.025477707006369428
cordic algorithm;0;0.025477707006369428
matrix multiplication;0;0.025477707006369428
vhdl programs;0;0.025477707006369428
measurement;0;0.01910828025477707
troubleshooting;0;0.01910828025477707
demorgan;0;0.01910828025477707
ripple;0;0.01910828025477707
magnetic;0;0.01910828025477707
multiplexing;0;0.01910828025477707
usb;0;0.01910828025477707
embedded;0;0.01910828025477707
odd;0;0.01910828025477707
manufacturing;0;0.01910828025477707
parasitic;0;0.01910828025477707
semi;0;0.01910828025477707
reversing;0;0.01910828025477707
ñ;0;0.01910828025477707
pass;0;0.01910828025477707
implementations;0;0.01910828025477707
dram;0;0.01910828025477707
cl;0;0.01910828025477707
deﬁned;0;0.01910828025477707
care;0;0.01910828025477707
descriptions;0;0.01910828025477707
accumulator;0;0.01910828025477707
selected;0;0.01910828025477707
trademark;0;0.01910828025477707
legal;0;0.01910828025477707
layout;0;0.01910828025477707
game;0;0.01910828025477707
forward;0;0.01910828025477707
checksum;0;0.01910828025477707
history;0;0.01910828025477707
luts;0;0.01910828025477707
comparing;0;0.01910828025477707
asm;0;0.01910828025477707
combined;0;0.01910828025477707
synchronizer;0;0.01910828025477707
synchronization;0;0.01910828025477707
noninverting;0;0.01910828025477707
decoupling;0;0.01910828025477707
simultaneous;0;0.01910828025477707
pull;0;0.01910828025477707
less;0;0.01910828025477707
collector;0;0.01910828025477707
reversible;0;0.01910828025477707
prom;0;0.01910828025477707
xxi;0;0.01910828025477707
left;0;0.01910828025477707
add;0;0.01910828025477707
bicmos;0;0.01910828025477707
contentscontents;0;0.01910828025477707
tabular;0;0.01910828025477707
decade;0;0.01910828025477707
presettable;0;0.01910828025477707
offset;0;0.01910828025477707
pro;0;0.01910828025477707
keyboard;0;0.01910828025477707
transceiver;0;0.01910828025477707
lcd;0;0.01910828025477707
xx;0;0.01910828025477707
elimination;0;0.01910828025477707
simulator;0;0.01910828025477707
appendices;0;0.01910828025477707
stack;0;0.01910828025477707
objects;0;0.01910828025477707
electron;0;0.01910828025477707
metal;0;0.01910828025477707
band;0;0.01910828025477707
diffusion;0;0.01910828025477707
resistance;0;0.01910828025477707
capacitance;0;0.01910828025477707
inductor;0;0.01910828025477707
shunt;0;0.01910828025477707
clipper;0;0.01910828025477707
bjt;0;0.01910828025477707
ce;0;0.01910828025477707
biasing;0;0.01910828025477707
cc;0;0.01910828025477707
jfet;0;0.01910828025477707
square;0;0.01910828025477707
oscilloscope;0;0.01910828025477707
cro;0;0.01910828025477707
pin;0;0.01910828025477707
cycle;0;0.01910828025477707
programs;0;0.01910828025477707
parameterization;0;0.01910828025477707
defined;0;0.01910828025477707
initialization;0;0.01910828025477707
multifunction;0;0.01910828025477707
registration;0;0.01910828025477707
registry;0;0.01910828025477707
conﬁguration;0;0.01910828025477707
shown;0;0.01910828025477707
shot;0;0.01910828025477707
testbed;0;0.01910828025477707
nbit;0;0.01910828025477707
ascending;0;0.01910828025477707
factor;0;0.01910828025477707
se;0;0.01910828025477707
verter;0;0.01910828025477707
compatible;0;0.01910828025477707
erilog;0;0.01910828025477707
foundations;0;0.01910828025477707
estructura;0;0.01910828025477707
análisis;0;0.01910828025477707
ve;0;0.01910828025477707
digitales;0;0.01910828025477707
forma;0;0.01910828025477707
niveles;0;0.01910828025477707
multinivel;0;0.01910828025477707
eliminación;0;0.01910828025477707
sin;0;0.01910828025477707
codificadores;0;0.01910828025477707
comparadores;0;0.01910828025477707
multiplexores;0;0.01910828025477707
sumador;0;0.01910828025477707
semisumador;0;0.01910828025477707
desbordamiento;0;0.01910828025477707
rizo;0;0.01910828025477707
problemática;0;0.01910828025477707
implementación;0;0.01910828025477707
modo;0;0.01910828025477707
asíncrono;0;0.01910828025477707
interferencias;0;0.01910828025477707
inhibición;0;0.01910828025477707
autómata;0;0.01910828025477707
permitidas;0;0.01910828025477707
pulso;0;0.01910828025477707
acceso;0;0.01910828025477707
funcionamiento;0;0.01910828025477707
divisor;0;0.01910828025477707
comprobación;0;0.01910828025477707
redundancia;0;0.01910828025477707
aritmético;0;0.01910828025477707
otros;0;0.01910828025477707
datos;0;0.01910828025477707
arquitectura;0;0.01910828025477707
empotrados;0;0.01910828025477707
matrices;0;0.01910828025477707
discovery;0;0.01910828025477707
alimentación;0;0.01910828025477707
integrados;0;0.01910828025477707
libraryusta;0;0.01910828025477707
original;0;0.01910828025477707
equential;0;0.01910828025477707
text;0;0.01910828025477707
result;0;0.01910828025477707
mask;0;0.01910828025477707
omputer;0;0.01910828025477707
fixedpoint;0;0.01910828025477707
tf;0;0.01910828025477707
loadable;0;0.01910828025477707
operand;0;0.01910828025477707
ca;0;0.01910828025477707
gd;0;0.01910828025477707
na;0;0.01910828025477707
fc;0;0.01910828025477707
fir;0;0.01910828025477707
nine;0;0.01910828025477707
net;0;0.01910828025477707
task;0;0.01910828025477707
dependency notation;0;0.01910828025477707
optical storage;0;0.01910828025477707
error correcting;0;0.01910828025477707
error detecting;0;0.01910828025477707
march pmcontents;0;0.01910828025477707
bird tail;0;0.01910828025477707
tail lights;0;0.01910828025477707
switch debouncing;0;0.01910828025477707
traffic light;0;0.01910828025477707
rs scale;0;0.01910828025477707
precision floating;0;0.01910828025477707
ieee ansi;0;0.01910828025477707
salient features;0;0.01910828025477707
mc microcontroller;0;0.01910828025477707
maxterm expansions;0;0.01910828025477707
require itcontents;0;0.01910828025477707
sm charts;0;0.01910828025477707
current density;0;0.01910828025477707
resistive load;0;0.01910828025477707
push pull;0;0.01910828025477707
weighted resistor;0;0.01910828025477707
pin configuration;0;0.01910828025477707
concurrent assignments;0;0.01910828025477707
bidirectional bus;0;0.01910828025477707
bank corresponding;0;0.01910828025477707
light controller;0;0.01910828025477707
microwave controller;0;0.01910828025477707
puerta inversora;0;0.01910828025477707
codificador binario;0;0.01910828025477707
sin prioridad;0;0.01910828025477707
circuitos conversores;0;0.01910828025477707
espurios mediante;0;0.01910828025477707
estados finitos;0;0.01910828025477707
especificaciones diseño;0;0.01910828025477707
respuesta ante;0;0.01910828025477707
ante secuencias;0;0.01910828025477707
funciones lógicas;0;0.01910828025477707
siete segmentos;0;0.01910828025477707
función fija;0;0.01910828025477707
stm nucleo;0;0.01910828025477707
dispositivos integrados;0;0.01910828025477707
valores estándar;0;0.01910828025477707
guapacha jovanny;0;0.01910828025477707
jovanny bedoya;0;0.01910828025477707
bedoya et;0;0.01910828025477707
et al;0;0.01910828025477707
méxico proquest;0;0.01910828025477707
lesson simplifying;0;0.01910828025477707
single precision;0;0.01910828025477707
partial products;0;0.01910828025477707
setup check;0;0.01910828025477707
iir filter;0;0.01910828025477707
means algorithm;0;0.01910828025477707
median filter;0;0.01910828025477707
trans receiver;0;0.01910828025477707
introductory;0;0.012738853503184714
property;0;0.012738853503184714
bidirectional;0;0.012738853503184714
notation;0;0.012738853503184714
modulation;0;0.012738853503184714
soc;0;0.012738853503184714
coupled;0;0.012738853503184714
editor;0;0.012738853503184714
silicon;0;0.012738853503184714
capacities;0;0.012738853503184714
passage;0;0.012738853503184714
pseudo;0;0.012738853503184714
physical;0;0.012738853503184714
immediate;0;0.012738853503184714
chain;0;0.012738853503184714
bistability;0;0.012738853503184714
em;0;0.012738853503184714
sram;0;0.012738853503184714
stable;0;0.012738853503184714
systematic;0;0.012738853503184714
entered;0;0.012738853503184714
technique;0;0.012738853503184714
testbench;0;0.012738853503184714
synthesizable;0;0.012738853503184714
distinguish;0;0.012738853503184714
publication;0;0.012738853503184714
jarama;0;0.012738853503184714
industrial;0;0.012738853503184714
macom;0;0.012738853503184714
wwwra;0;0.012738853503184714
cover;0;0.012738853503184714
printing;0;0.012738853503184714
tion;0;0.012738853503184714
graphical;0;0.012738853503184714
detecting;0;0.012738853503184714
crc;0;0.012738853503184714
bubble;0;0.012738853503184714
compiler;0;0.012738853503184714
dataflow;0;0.012738853503184714
custom;0;0.012738853503184714
verilogddppbook;0;0.012738853503184714
lookahead;0;0.012738853503184714
shifting;0;0.012738853503184714
bar;0;0.012738853503184714
edge;0;0.012738853503184714
triggered;0;0.012738853503184714
library;0;0.012738853503184714
multibit;0;0.012738853503184714
combination;0;0.012738853503184714
lock;0;0.012738853503184714
sheets;0;0.012738853503184714
noise;0;0.012738853503184714
unused;0;0.012738853503184714
ground;0;0.012738853503184714
relays;0;0.012738853503184714
ahct;0;0.012738853503184714
ac;0;0.012738853503184714
fct;0;0.012738853503184714
lvttl;0;0.012738853503184714
tolerant;0;0.012738853503184714
inversion;0;0.012738853503184714
incomplete;0;0.012738853503184714
drive;0;0.012738853503184714
nomenclature;0;0.012738853503184714
phenomenon;0;0.012738853503184714
jk;0;0.012738853503184714
asic;0;0.012738853503184714
volatile;0;0.012738853503184714
ramp;0;0.012738853503184714
packed;0;0.012738853503184714
subtract;0;0.012738853503184714
related;0;0.012738853503184714
handling;0;0.012738853503184714
literals;0;0.012738853503184714
idempotent;0;0.012738853503184714
commutative;0;0.012738853503184714
associative;0;0.012738853503184714
distributive;0;0.012738853503184714
expanded;0;0.012738853503184714
accuracy;0;0.012738853503184714
integrator;0;0.012738853503184714
acquisition;0;0.012738853503184714
terminology;0;0.012738853503184714
unipolar;0;0.012738853503184714
byte;0;0.012738853503184714
justifi;0;0.012738853503184714
tracking;0;0.012738853503184714
delta;0;0.012738853503184714
icl;0;0.012738853503184714
interconnect;0;0.012738853503184714
indirect;0;0.012738853503184714
cisc;0;0.012738853503184714
dma;0;0.012738853503184714
mapping;0;0.012738853503184714
saving;0;0.012738853503184714
anatomy;0;0.012738853503184714
factoring;0;0.012738853503184714
uses;0;0.012738853503184714
indicator;0;0.012738853503184714
libraries;0;0.012738853503184714
implication;0;0.012738853503184714
reducing;0;0.012738853503184714
cd;0;0.012738853503184714
manipulation;0;0.012738853503184714
sets;0;0.012738853503184714
optimisation;0;0.012738853503184714
dependence;0;0.012738853503184714
return;0;0.012738853503184714
passing;0;0.012738853503184714
arguments;0;0.012738853503184714
handlers;0;0.012738853503184714
multitasking;0;0.012738853503184714